date,spot_0,spot_1,dS,dS_pct,dt,vol_factor_0,vol_factor_1,dsig_vega_weighted,dsig_atm_3m,dr,value_0,value_1,actual,book_delta,book_gamma,book_vega,book_vanna,book_volga,pnl_delta,pnl_gamma,pnl_vega,pnl_theta,pnl_rho,pnl_vanna,pnl_volga,explained,unexplained,unexplained_pct_of_actual
2025-08-04,621.719970703125,631.1699829101562,9.45001220703125,0.01519978873502149,0.008213552361396304,0.7850694777832838,0.8614623345014991,0.005294636899015515,0.00708967562880905,-0.00029319837825363734,1037190.5537463205,1083071.7895693318,45881.23582301126,3552.9763961663875,16.31827932128879,2567131.3594310745,-18524.304092548104,-15273108.250409564,33575.67031506626,728.6334519646081,15459.85074807751,-1525.9665144927296,-1442.9746428488845,-733.0930499283035,-145.3060230669916,45916.81428477146,-35.578461760203936,-0.0007754468928746668
2025-08-05,631.1699829101562,627.969970703125,-3.20001220703125,-0.005069968936540436,0.0027378507871321013,0.8614623345014991,0.8462082807478973,-0.0016533887055654854,-0.001415659759084087,-3.1063010748457257e-05,1083071.7895693318,1066356.946996227,-16714.842573104892,3609.937430874731,12.80580711269765,2339625.905816563,-19211.07728686703,-12589825.286115967,-11551.843845418169,65.56623264480642,-4424.287702590975,-491.9402477304208,-211.52430125002977,-85.466148433739,-11.586203144340619,-16711.082215922863,-3.760357182029111,-0.00022497113960736514
2025-08-06,627.969970703125,632.780029296875,4.81005859375,0.007659695237280656,0.0027378507871321013,0.8462082807478973,0.8454276651613587,0.0014621726503959802,-7.244540310574754e-05,-0.00017106716876847013,1066356.946996227,1087135.252085834,20778.305089607136,3594.756740586592,14.03207573590262,2420500.6368026193,-19009.088908754202,-13543421.356133934,17290.990552499276,162.32770848401606,4724.896089938736,-499.9131787113102,-788.6930533690232,-94.95942734982125,-8.701036155363315,20785.947655336506,-7.64256572936938,-0.00036781468442255324
2025-08-07,632.780029296875,632.25,-0.530029296875,-0.0008376201402309609,0.0027378507871321013,0.8454276651613587,0.8199788332157136,-0.0010659960942357666,-0.002361791028344634,4.893595928328817e-05,1087135.252085834,1082569.8072974798,-4565.444788354216,3637.5213014131004,12.504800304411113,2318790.970246762,-19489.197824369578,-12368115.498581177,-1927.9928577558205,1.7564933744538704,-2252.4048000755956,-491.0357934912204,121.77588223522113,-10.525975421972735,-5.2685675231235365,-4563.695618658057,-1.7491696961587877,-0.0003831323731305796
2025-08-08,632.25,637.1799926757812,4.92999267578125,0.00779753685374654,0.0027378507871321013,0.8199788332157136,0.821689325091153,0.0016207087920911117,0.0001587430171293147,-5.106632953507176e-05,1082569.8072974798,1104822.3219433308,22252.514645850984,3653.346405197072,12.838646201076923,2341022.486893539,-19652.59219682624,-12659897.317814454,18010.971019713324,156.0205424436692,5005.170471383409,-494.00301500961365,-296.6697569893995,-118.30174423820426,-10.127571714163544,22253.05994558902,-0.5452997380343731,-2.450508388435305e-05
2025-08-11,637.1799926757812,635.9199829101562,-1.260009765625,-0.001977478546263984,0.008213552361396304,0.821689325091153,0.7984142460291188,-0.0013627415979659292,-0.0021600548516385043,9.680673344068715e-05,1104822.3219433308,1096169.8225415843,-8652.49940174655,3689.551427387477,11.265635948880401,2230902.6634899275,-20025.526825603454,-11368702.52016507,-4648.870829283879,8.94280043688829,-2662.688234226428,-1451.6388620144962,158.10179520510135,-34.04879548193967,-7.689435779121542,-8637.891561143877,-14.607840602673605,-0.001688279874336072
2025-08-12,635.9199829101562,642.6900024414062,6.77001953125,0.010646024206171988,0.0027378507871321013,0.7984142460291188,0.824272111394724,0.0030257288293482703,0.0023997515706444816,-0.0001310652995668033,1096169.8225415843,1128247.7848834929,32077.9623419086,3709.703916352506,11.868774227389018,2271777.628896929,-20208.41388273365,-11891753.764067799,25114.76796886108,271.99174051273,8205.731118163108,-490.9138154277185,-639.1835129896888,-343.1395659600037,-34.924827012936454,32084.329106146575,-6.366764237976895,-0.00019847782630690876
2025-08-13,642.6900024414062,644.8900146484375,2.20001220703125,0.003423131212052461,0.0027378507871321013,0.824272111394724,0.804370124785995,-3.7347807290686563e-05,-0.0018470133921716092,-0.00020106499439103212,1128247.7848834929,1135684.2534388816,7436.468555388739,3731.8451725218124,9.689790841084015,2112683.381163127,-20362.986879520777,-9986667.58224232,8210.104934298628,23.44955406002039,615.4588966141096,-474.6586543661657,-943.1523843847374,7.247567201569315,-0.09633883109052918,7438.353574592334,-1.885019203594311,-0.0002534831135981011
2025-08-14,644.8900146484375,644.9500122070312,0.05999755859375,9.303533506633334e-05,0.0027378507871321013,0.804370124785995,0.7798697390426854,-0.000846653106422073,-0.0022737700246173165,1.8933365289149247e-05,1135684.2534388816,1134059.2041412988,-1625.0492975828238,3755.8926770918274,9.174734337064958,2074648.9839257346,-20589.338333231935,-9546286.039660856,225.34439096565347,0.01651317787883461,-1373.779693331327,-470.39290411328477,-4.038341014892417,1.054403801705903,-2.4933768251693067,-1624.2890073394353,-0.7602902433884537,-0.0004678567256509362
2025-08-15,644.9500122070312,643.4400024414062,-1.510009765625,-0.0023412818622294738,0.0027378507871321013,0.7798697390426854,0.7587059802251558,-0.0012767300640839506,-0.001964112765884485,-1.0651851258900585e-06,1134059.2041412988,1125115.9638908082,-8943.240250490606,3776.7298942358566,9.254703310469559,2081246.963627262,-20813.428799190035,-9647114.066983704,-5702.899022424017,10.550960980264763,-2641.512437780044,-471.88280013550315,-89.94930486506344,-37.58976764129827,-5.19308184216786,-8938.47545370783,-4.764796782776102,-0.0005327819279499638
2025-08-18,643.4400024414062,643.2999877929688,-0.1400146484375,-0.00021760326977844402,0.008213552361396304,0.7587059802251558,0.7356157642184076,-0.0009950340540781023,-0.0021428985473185697,0.0001068060086482055,1125115.9638908082,1121917.9118934076,-3198.0519974005874,3789.6933736949936,9.820529458044263,2124514.393120199,-20975.413579532305,-10185309.265229989,-530.6125854038279,0.09626132950013991,-1428.4740684386225,-1432.5137500729197,206.88895232338234,-3.099617856944175,-3.8113751863163863,-3191.526183305748,-6.525814094839461,-0.002040559096644994
2025-08-19,643.2999877929688,639.8099975585938,-3.489990234375,-0.005425136484688032,0.0027378507871321013,0.7356157642184076,0.7278928469850582,-0.0015526041296062736,-0.000716729029973967,-0.0001310652995668085,1121917.9118934076,1103461.1604067888,-18456.75148661877,3819.1087019774704,10.015373970591682,2137882.3558945716,-21260.552424930043,-10383384.364292,-13328.652073917954,60.99378690579079,-3940.9538363554657,-481.8582530629245,-653.7374207679578,-100.08626486793064,-7.618476157377953,-18451.912538223824,-4.838948394946783,-0.00026217768595167154
2025-08-20,639.8099975585938,638.1099853515625,-1.70001220703125,-0.002657057897685575,0.0027378507871321013,0.7278928469850582,0.7092962753610004,-0.0012540759857456282,-0.0017258637297569018,4.893119091170864e-05,1103461.1604067888,1093710.9919360662,-9750.168470722623,3811.2130810929266,11.282606825115092,2229788.7477420946,-21199.153187128493,-11491949.396244364,-6479.108761455156,16.30360099925989,-2871.120306778061,-492.30914438858645,128.21909196320593,-41.46179769852462,-5.975959570846098,-9745.453276928707,-4.715193793916114,-0.00048360126371915427
2025-08-21,638.1099853515625,635.5499877929688,-2.55999755859375,-0.0040118437532102496,0.0027378507871321013,0.7092962753610004,0.6960408854587586,-0.0013479315057425645,-0.0012301728038123932,0.00012893492931502232,1093710.9919360662,1080488.2144783298,-13222.777457736433,3818.79664448688,11.983382723890951,2278262.6860190234,-21282.196170614727,-12094052.377004515,-9776.110086652418,39.26707361353956,-3384.4756801940057,-498.32883816795925,475.33717958216084,-64.71157220147956,-6.949687385401664,-13215.971611405565,-6.8058463308680075,-0.0005147062599080511
2025-08-22,635.5499877929688,645.3099975585938,9.760009765625,0.015356793254796405,0.0027378507871321013,0.6960408854587586,0.7883666373240803,0.006202428541606493,0.008568335588305956,-0.00040106480365615597,1080488.2144783298,1130588.7386425906,50100.52416426083,3816.0960391157705,12.982622517454967,2344590.5124987746,-21239.657513830614,-12904869.230994223,37245.1346083328,618.3479687661869,15865.229466316869,-506.3012235803344,-1815.471623756344,-1121.3913103973775,-163.7935450355942,50121.754340646214,-21.230176385382947,-0.0004237515822344924
2025-08-25,645.3099975585938,642.469970703125,-2.84002685546875,-0.00440102720585989,0.008213552361396304,0.7883666373240803,0.7733983620750696,-0.0016730596054468513,-0.0013891379481939525,4.680558903150025e-05,1130588.7386425906,1114706.267913922,-15882.470728668617,3807.1145045129233,9.43841950688169,2092621.8422893984,-21005.71718947107,-9820350.68564244,-10812.307434661307,38.06397805458758,-3488.8686291660015,-1438.759610172881,-50.971862677525635,-93.91617547681172,-8.789950770034121,-15855.549684869973,-26.92104379864395,-0.0016950161129559132
2025-08-26,642.469970703125,645.1599731445312,2.69000244140625,0.004186969919329127,0.0027378507871321013,0.7733983620750696,0.7581176632666059,0.0003197140503842871,-0.0014181325661526828,-5.1066329535063085e-05,1114706.267913922,1125763.6595666744,11057.391652752412,3819.9720117292272,10.493811063891108,2169290.3913077237,-21140.394723218407,-10765099.75178169,10275.734037655166,37.96720203661692,1544.1134541817098,-491.12417525559545,-303.99422572160285,-8.080091389704853,-0.243949866590509,11054.372251639998,3.0194011124149256,0.0002730663077908916
2025-08-27,645.1599731445312,646.6300048828125,1.47003173828125,0.002278553846290659,0.0027378507871321013,0.7581176632666059,0.7375382717208273,-0.00034661633335176454,-0.0019098802815556426,-0.0002810639644227741,1125763.6595666744,1129451.4190670233,3687.7595003489405,3845.9435454388854,9.716223653343846,2112830.7768605673,-21381.40507333335,-10107292.971571837,5653.659075433078,10.498347164220352,-193.44231159748824,-485.2694541538554,-1305.9400726326196,13.262740560885854,-0.6388494100033468,3692.1294753642173,-4.36997501527685,-0.0011849945786495451
2025-08-28,646.6300048828125,648.9199829101562,2.28997802734375,0.003541403909580036,0.0027378507871321013,0.7375382717208273,0.7212927765160616,0.00019843476771455815,-0.0015076709574561448,0.00011893565410750918,1129451.4190670233,1139537.319399886,10085.900332862744,3868.3708036082417,9.419955835445322,2092692.9469815423,-21604.220860087647,-9878302.969401034,8858.484141880957,24.699121213079522,1245.475246574325,-482.6209983196005,435.52550352057466,-2.5216291563046345,-0.097931071116403,10078.943454641914,6.956878220829822,0.0006897627372107105
2025-08-29,648.9199829101562,645.0499877929688,-3.8699951171875,-0.005963747794962427,0.0027378507871321013,0.7212927765160616,0.7173826185985926,-0.0016194728790945186,-0.0003628840769043379,-0.00029106323963028376,1139537.319399886,1118510.6125053356,-21026.706894550472,3891.989205873359,8.734747379234392,2040639.291766195,-21809.48387892351,-9273006.885493657,-15061.979222876354,65.40955395611454,-4058.7436747303354,-477.5416093861095,-1363.782671281086,-119.00521516385808,-6.951122382903044,-21022.593961864535,-4.112932685937267,-0.00019560517519760657
2025-09-02,645.0499877929688,640.27001953125,-4.77996826171875,-0.007410229210411053,0.010951403148528405,0.7173826185985926,0.7234130978135502,-0.0017850164564260744,0.0005596615096883639,-0.00011426230452944285,1118510.6125053356,1092636.2793303682,-25874.33317496744,3885.4489961616455,10.126427361629808,2145573.007420604,-21796.275906999064,-10534500.443558272,-18572.322884179644,115.68479519982115,-4400.548928650435,-1959.1634828200906,-835.3272104348896,-165.45387812740213,-9.713096032246009,-25826.84468504489,-47.4884899225508,-0.00183535125722561
2025-09-03,640.27001953125,643.739990234375,3.469970703125,0.005419542688669713,0.0027378507871321013,0.7234130978135502,0.7161150400028112,0.0008256621218285343,-0.0006772997479239096,-0.0001410645747743234,1092636.2793303682,1107748.3923014093,15112.112971041119,3875.707445832052,11.978380431018191,2273263.99704494,-21651.889708403458,-12074781.913684377,13448.591290920644,72.1140227470378,2839.1201605688293,-507.49499280057483,-695.7101359568205,-43.04847808736116,-2.098686896371544,15111.473180495383,0.6397905457361048,4.233627335648668e-05
2025-09-04,643.739990234375,649.1199951171875,5.3800048828125,0.0083574190891166,0.0027378507871321013,0.7161150400028112,0.7291042001969505,0.002157533643875481,0.001205465228336297,-0.0002010673785768245,1107748.3923014093,1133080.452088879,25332.059787469683,3903.3678074996637,10.848319304679421,2195809.060687309,-21920.0067777255,-11161431.161779659,21000.137863761312,156.99933162157384,5863.508880023718,-499.31219194799564,-963.528171873621,-211.64774248484053,-14.910836064286348,25331.247133035857,0.8126544338265376,3.208007720826994e-05
2025-09-05,649.1199951171875,647.239990234375,-1.8800048828125,-0.0028962362844378218,0.0027378507871321013,0.7291042001969505,0.7111358513744706,-0.001600328542521726,-0.0016675612119935318,-0.0008810633922181699,1133080.452088879,1117451.1533792212,-15629.298709657742,3917.617451477602,9.073055275242414,2067027.8814636054,-21975.154833501598,-9611129.647030907,-7365.139937769354,16.03398657032865,-3753.4951849862928,-484.5208803227015,-3960.748337160526,-59.81414453594829,-7.892052419638288,-15615.576550624133,-13.722159033608477,-0.0008779766314869397
2025-09-08,647.239990234375,648.8300170898438,1.59002685546875,0.002456626412859592,0.008213552361396304,0.7111358513744706,0.6925872830570337,-0.00026117451900373325,-0.0017214087599119327,0.0001768033192866324,1117451.1533792212,1123044.511590836,5593.35821161489,3924.0557949920308,10.047369559789853,2143621.7744463794,-22088.260671663294,-10523329.231186267,6239.3540963951045,12.700806520318107,259.7612087129213,-1473.4381043465917,529.2231245395033,15.682165508444772,-0.6321602009568883,5582.651137128743,10.707074486146666,0.0019142479492754258
2025-09-09,648.8300170898438,650.3300170898438,1.5,0.0023118535833589436,0.0027378507871321013,0.6925872830570337,0.6743221214347903,-0.000141068528700587,-0.001695107065928056,0.00014893586391585487,1123044.511590836,1129424.5241960404,6380.012605204247,3959.9852426476173,9.635758729383873,2111036.332060226,-22412.811525126766,-10170614.23171242,5939.977863971426,10.840228570556857,328.2458779129103,-490.169927763784,576.6911510395416,8.448928617875492,-0.18802429127677203,6373.846098057251,6.166507146996082,0.0009665352607557537
2025-09-10,650.3300170898438,652.2100219726562,1.8800048828125,0.0028908474672987078,0.0027378507871321013,0.6743221214347903,0.6583217941549199,-1.7164529137378384e-05,-0.0014849180308506155,-0.00012986571587711177,1129424.5241960404,1136326.1115587654,6901.587362725055,3984.2769186274045,9.176936470729668,2076721.5955189406,-22643.853057688004,-9780883.967042372,7490.460061496662,16.217566372591875,534.3290370579908,-487.1248239114728,-658.9971746831582,5.525537105102933,-0.07831953945538322,6900.331883898261,1.2554788267934782,0.0001819116039266884
2025-09-11,652.2100219726562,657.6300048828125,5.41998291015625,0.008310180352278429,0.0027378507871321013,0.6583217941549199,0.6755513247897222,0.0023849952050588015,0.0015989948364930062,-1.7785438947466245e-05,1136326.1115587654,1163096.2742247384,26770.16266597295,4005.467671513142,8.663015431257495,2039215.4099189243,-22834.199132097856,-9341641.465915699,21709.566326784578,127.24330082993714,5832.721187349609,-482.5647657726106,-155.57057990692198,-255.5827241886928,-14.135441233008804,26761.67730386289,8.485362110062852,0.0003169708834398842
2025-09-12,657.6300048828125,657.4099731445312,-0.22003173828125,-0.0003345828758535112,0.0027378507871321013,0.6755513247897222,0.6550324493960918,-0.0008592951368659478,-0.0019042640510929382,2.2154956533619596e-06,1163096.2742247384,1160284.145540921,-2812.12868381734,4003.432734843652,6.924490854459421,1902688.3793154773,-22637.212424112226,-7692736.99083186,-880.8822637397074,0.16762103188191727,-1390.6637257702469,-465.8291375817163,-67.46271820568779,-4.292443695202497,-1.6645363308676269,-2810.6272042915466,-1.5014795257934566,-0.0005339298782569454
2025-09-15,657.4099731445312,660.9099731445312,3.5,0.00532392288370491,0.008213552361396304,0.6550324493960918,0.6507598884430076,0.0007492231216673144,-0.00039651706406811094,-0.0002733522923367886,1160284.145540921,1173829.1653391302,13545.019798209192,4024.6227477290113,7.05511785810387,1913980.3605880989,-22874.267004560155,-7844674.877230773,14086.179617051539,43.2125968808862,2301.56251294463,-1403.6272656401698,-1460.7499433500575,-41.52003876071118,-0.9130669843022018,13524.144412141814,20.875386067378713,0.0015411853491818948
2025-09-16,660.9099731445312,660.0,-0.90997314453125,-0.0013768488621857312,0.0027378507871321013,0.6507598884430076,0.6320101677124974,-0.0010736869155332429,-0.0017400768058772886,-9.778440897921167e-05,1173829.1653391302,1167244.490626779,-6584.6747123512905,4042.8956306783602,6.140682614902222,1840206.1759705488,-22921.10346011583,-6972081.100005311,-3678.9264500600384,2.5423995699864825,-1901.2091677500366,-459.0826561817682,-518.9615346873597,-21.781001526926612,-2.0690745376780684,-6579.487485173821,-5.18722717746914,-0.0007877727304796287
2025-09-17,660.0,659.1799926757812,-0.82000732421875,-0.0012424353397253788,0.0027378507871321013,0.6320101677124974,0.6136579375389422,-0.0010675269062016455,-0.001703187504502962,-0.0002177852482126057,1167244.490626779,1160398.8178477876,-6845.672778991284,4063.594588926392,6.49376270605104,1870376.9817130235,-23180.01006618485,-7347308.555498842,-3332.1773255753224,2.1832420225741633,-1960.2421723940984,-463.3838950829714,-1063.2749709017362,-19.682875988307465,-2.2572583864428113,-6838.8352563063045,-6.837522684979376,-0.0009988094531720945
2025-09-18,659.1799926757812,662.260009765625,3.08001708984375,0.004672497836806557,0.0027378507871321013,0.6136579375389422,0.6078846582092182,0.0008228962743695946,-0.000535791951245243,0.00012221633488676206,1160398.8178477876,1175304.3635000254,14905.54565223772,4083.521369938974,6.866101920454486,1902039.5453598718,-23430.63609152043,-7739149.977963962,12577.315606154203,32.56765603917808,2324.5863170303815,-467.35008234289376,477.97056199669987,-47.359812342615356,-1.0996016790565886,14896.6306448559,8.915007381820033,0.0005981000353705034
2025-09-19,662.260009765625,663.7000122070312,1.44000244140625,0.0021743762573190393,0.0027378507871321013,0.6078846582092182,0.5922216674087932,-0.000133915947092625,-0.001453611357428844,-1.7785438947473184e-05,1175304.3635000254,1180854.8012707178,5550.437770692399,4092.1416930232263,5.90349549459166,1824027.5183975548,-23399.803470042876,-6808453.312570748,5892.694028533751,6.120764883286575,257.77567948375474,-457.7973743793744,-158.8528682561153,7.055589622397832,-0.10134704048290805,5546.894472847218,3.5432978451808594,0.0006383816901597016
2025-09-22,663.7000122070312,666.8400268554688,3.1400146484375,0.004731075170536564,0.008213552361396304,0.5922216674087932,0.587891468012254,0.0006055525991635185,-0.00040186622739830924,-0.0002933532269376142,1180854.8012707178,1192703.319686758,11848.518416040344,4108.477672278844,5.5086530703767735,1792662.8271893659,-23518.852231681474,-6441409.643131523,12900.680073733973,27.156811283457493,1865.6297340566025,-1361.553137190953,-1574.372550130986,-30.491103948507284,-0.39718104000419696,11826.652646763583,21.865769276761057,0.0018454433296199726
2025-09-23,666.8400268554688,663.2100219726562,-3.6300048828125,-0.005443591771072958,0.0027378507871321013,0.587891468012254,0.5883785458998781,-0.0013339034137477936,4.520349647295363e-05,-2.7784714154991536e-05,1192703.319686758,1174163.3801444657,-18539.939542292384,4122.88922542573,4.714083396402657,1726853.7676719092,-23510.665695805445,-5665796.304867285,-14966.108019590445,31.058586308372043,-2837.3358840638566,-445.3475208619568,-205.8674699347264,-104.19702773762266,-1.4905329933469833,-18529.28786887358,-10.651673418804421,-0.0005745257903622801
2025-09-24,663.2100219726562,661.0999755859375,-2.11004638671875,-0.003181565894379301,0.0027378507871321013,0.5883785458998781,0.5767848787907388,-0.0011867334182129798,-0.0010759558247098733,0.00013221561009427434,1174163.3801444657,1163178.8797019208,-10984.50044254493,4135.82332186681,5.83371860725109,1819678.379337829,-23784.558261139355,-6792074.181665271,-8726.7790564122,12.98672029285325,-2274.535012137227,-459.4221301307573,527.8005159681825,-56.35944702677607,-1.8828160937191751,-10978.191225539646,-6.309217005284154,-0.0005743745050842213
2025-09-25,661.0999755859375,658.0499877929688,-3.04998779296875,-0.004613504621998397,0.0027378507871321013,0.5767848787907388,0.5727246969932873,-0.0012168314077056258,-0.00037680711488645435,0.00025221406514189595,1163178.8797019208,1148429.141978968,-14749.73772295285,4154.203039317508,6.509390918838115,1873725.16230545,-24051.002387354827,-7461586.129882108,-12670.268559432081,30.276562157698756,-2627.8837793988487,-468.20179537342415,1079.9724488378902,-81.87478484405995,-2.084249150883835,-14740.06415720371,-9.673565749140835,-0.0006558466279768002
2025-09-26,658.0499877929688,661.8200073242188,3.77001953125,0.0057290777314566235,0.0027378507871321013,0.5727246969932873,0.5759116644881984,0.0012760304691403926,0.0002957680436250776,-0.00022778452342012666,1148429.141978968,1165660.611269204,17231.46929023601,4165.501121546277,7.498433916190876,1948717.5939023276,-24253.616263306718,-8388228.119157477,15704.020585673246,53.287797835923456,3168.7939920005497,-480.32273447095713,-1120.4805958500483,-98.8331775301136,-2.762948958048292,17223.702918700557,7.7663715354538,0.0004507086078756217
2025-09-29,661.8200073242188,663.6799926757812,1.8599853515625,0.0028104096748034885,0.008213552361396304,0.5759116644881984,0.5633889157080844,-4.0988480330659925e-05,-0.0011621796938365153,3.66466967684333e-05,1165660.611269204,1172691.8923078692,7031.281038665213,4166.690934152177,6.318784991715546,1857705.1196528915,-24126.171470689413,-7283773.957049674,7749.984102011318,10.930062117139213,713.0040616352893,-1403.0161361076514,-62.23749899936169,8.895268923847144,-0.20950852023042868,7017.3503510603505,13.930687604862214,0.0019812446022647893
2025-09-30,663.6799926757812,666.1799926757812,2.5,0.0037668756442704636,0.0027378507871321013,0.5633889157080844,0.5554035410611374,0.0004509642963940109,-0.0007410865158531399,-0.00017778337901094756,1172691.8923078692,1183189.3811669177,10497.488859048579,4193.605540455747,5.790112515711382,1815458.8666463266,-24305.232134044836,-6800555.996603636,10484.013851139369,18.094101611598067,1370.877116063367,-464.042663819136,-896.4641403879241,-20.28269888131243,-0.16137283298406663,10492.034192892977,5.454666155601444,0.0005196162843173351
2025-10-01,666.1799926757812,668.4500122070312,2.27001953125,0.0034075168215908593,0.0027378507871321013,0.5554035410611374,0.5461145198316332,0.00037683203054115566,-0.0008620720608633059,2.2154956533619596e-06,1183189.3811669177,1193451.7820263312,10262.400859413436,4201.260386598955,5.072507600496142,1758633.5460586976,-24281.197119329256,-6119203.297853346,9536.943133446553,13.069287102645733,1243.4752161751112,-455.6594968756427,-67.36452097678966,-14.768954172825179,-0.10983751199700548,10255.584827187056,6.8160322263793205,0.0006641752080973479
2025-10-02,668.4500122070312,669.219970703125,0.76995849609375,0.0011518565068935622,0.0027378507871321013,0.5461145198316332,0.5303719930093075,-0.0003707966920044835,-0.0014609927360067082,3.2215705461715455e-05,1193451.7820263312,1196110.724686948,2658.942660616711,4209.169868773603,4.395645963954369,1703302.201855442,-24255.01440272476,-5461858.696407091,3240.886101964051,1.3029487737121288,-216.3169892772254,-448.0640245414797,70.95193876575193,7.792956135992388,-0.18143156247512365,2656.371500258327,2.5711603583836222,0.000966986011570205
2025-10-03,669.219970703125,669.2100219726562,-0.00994873046875,-1.4866158967577181e-05,0.0027378507871321013,0.5303719930093075,0.5142148791886406,-0.0006397106010822667,-0.0014994686808061514,0.00010221540028591998,1196110.724686948,1195263.6400822466,-847.0846047012601,4226.547273190828,4.171033138795828,1686119.9701407459,-24401.219640288626,-5266297.363549767,-42.04877963440582,0.0002064186697167649,-755.4221656638517,-446.146213056478,396.166394888015,-0.16017689655808828,-0.3174514007116269,-847.9281853453208,0.8435806440606939,0.000995863505698109
2025-10-06,669.2100219726562,671.6099853515625,2.39996337890625,0.003586263355458702,0.008213552361396304,0.5142148791886406,0.5076590638558668,0.00034397366069476617,-0.0006084155795244295,2.664503737513299e-05,1195263.6400822466,1205408.660241621,10145.020159374457,4247.113116077417,4.161262176185037,1686890.793497054,-24616.24881874291,-5288442.464475906,10192.915944658209,11.984069334269797,1381.951352520813,-1341.7626535323611,-110.51659786306695,-10.740176686399918,-0.18837742381129036,10123.643561007651,21.37659836680541,0.0021071026011764468
2025-10-07,671.6099853515625,669.1199951171875,-2.489990234375,-0.003707494362329327,0.0027378507871321013,0.5076590638558668,0.5021178507196845,-0.001213639447426799,-0.0005142549370883848,-0.000167784103803424,1205408.660241621,1191166.1106148714,-14242.549626749707,4263.394942456528,3.467801365019568,1628885.354024245,-24622.357417876672,-4616635.628428583,-10615.81177200052,10.750273297327482,-2254.1053160724296,-440.6319840566654,-861.0960527547163,-70.07885442695535,-0.5038106675990512,-14231.477516681556,-11.072110068151233,-0.0007773966289965457
2025-10-08,669.1199951171875,673.1099853515625,3.989990234375,0.0059630414028745415,0.0027378507871321013,0.5021178507196845,0.5121288445735737,0.001673285792289176,0.0009290750758002703,2.2508711870440276e-06,1191166.1106148714,1211090.6268511899,19924.516236318508,4284.815961004498,4.286453722402211,1699319.5325163347,-24975.916019364617,-5470832.058275902,17096.373840502078,34.12021893221257,3452.538611719485,-451.3858434296832,-68.62200286877875,-149.33065728643209,-1.6528245887310486,19912.041342980156,12.474893338352558,0.0006261077152585145
2025-10-09,673.1099853515625,671.1599731445312,-1.95001220703125,-0.0028970186885769744,0.0027378507871321013,0.5121288445735737,0.5025529750071586,-0.001091578198804382,-0.0008886931580538854,0.00010235386752232341,1211090.6268511899,1200900.511423487,-10190.115427702898,4266.292368511317,3.0920184465501137,1596733.530387863,-24543.160378812878,-4244593.182117172,-8319.322197361333,5.8787736732470925,-1776.4780523233349,-436.36928507949057,392.85271386295983,-50.22088726694391,-0.10086254516422466,-10183.75979704006,-6.355630662837939,-0.0006237054631942137
2025-10-10,671.1599731445312,653.02001953125,-18.13995361328125,-0.02702776437678725,0.0027378507871321013,0.5025529750071586,0.8799749271209539,0.007118008368819718,0.035026824897368816,2.3539628897532514e-06,1200900.511423487,1131113.0386749255,-69787.47274856153,4290.137625635373,3.6526251394574594,1645865.658772055,-24889.131388258003,-4845337.583458616,-77822.89752361823,600.9626101538656,4472.3376924357835,-445.1553189072257,-72.75956292375461,3414.164664831074,-41.11451556287193,-69894.46195359137,106.98920502983674,0.0015330717794482967
2025-10-13,653.02001953125,663.0399780273438,10.01995849609375,0.01534402958011343,0.008213552361396304,0.8799749271209539,0.9453771765789124,0.005792055642990511,0.006069687061994844,7.06188866927103e-06,1131113.0386749255,1181794.369264122,50681.330589196645,3996.9402761779197,9.042222042143088,2030994.0627025096,-22049.502867743955,-9299436.526745807,40049.175678668245,453.9175945866694,13062.017134490048,-1529.9271077737524,-201.01183358441875,-1124.2912123074925,-85.79835748887152,50624.08189659043,57.24869260621199,0.001129581483766633
2025-10-14,663.0399780273438,662.22998046875,-0.80999755859375,-0.001221642111239853,0.0027378507871321013,0.9453771765789124,0.917159983818568,-0.001389809499525811,-0.002618710078670483,2.353962889759323e-06,1181794.369264122,1175778.4154907817,-6015.953773340443,3970.2592965385006,5.890635498135545,1782417.350529802,-21407.491278638223,-6391324.955269227,-3215.9003371803246,1.9324113262191205,-2224.252260106252,-478.00161712399245,-69.51739573399315,-23.543623270640797,-3.1728345425732476,-6012.455656631557,-3.4981167088863003,-0.000581473335847114
2025-10-15,662.22998046875,665.1699829101562,2.94000244140625,0.004439548990707445,0.0027378507871321013,0.917159983818568,0.897076310261673,0.00027226378024943057,-0.0018638749363502072,5.235510729892975e-05,1175778.4154907817,1188517.7452494232,12739.329758641543,3998.1015625379528,6.181555020729665,1807615.3266585264,-21728.025607979853,-6701575.793049131,11754.428354851723,26.71548885816785,1290.3279426807178,-482.14266230678425,149.04671351115786,-7.7346000866657985,-0.10096367520400987,12730.540273833114,8.789484808428824,0.0006899487630003927
2025-10-16,665.1699829101562,660.6400146484375,-4.52996826171875,-0.006810241559458054,0.0027378507871321013,0.897076310261673,0.8887407166617659,-0.0020244928294130865,-0.0007735887533948937,-4.764718151941804e-05,1188517.7452494232,1165288.028947722,-23229.716301701264,4016.311241775222,5.372312207117883,1742573.5082125403,-21813.465308103776,-5961202.943820752,-18193.762454425974,55.12156838718875,-4130.042945035041,-472.6652406084606,-289.0630384445403,-181.82808517874102,-4.9706819840498415,-23217.21087728962,-12.505424411643617,-0.0005383373713749471
2025-10-17,660.6400146484375,664.3900146484375,3.75,0.005676313751590689,0.0027378507871321013,0.8887407166617659,0.8748618056870576,0.0007123318200363928,-0.0012880389753553712,-0.00020764512158289675,1165288.028947722,1181047.4375474816,15759.408599759685,4032.3543087058392,6.75027004992026,1853465.9243809562,-22123.24408509091,-7262832.212620083,15121.328657646896,47.46283628850183,2108.7251868174626,-490.2824765041075,-989.3057116471771,-43.406767004629415,-0.6403167512334308,15753.881408845715,5.5271909139701165,0.0003507232444023566
2025-10-20,664.3900146484375,671.2999877929688,6.90997314453125,0.010400477117627465,0.008213552361396304,0.8748618056870576,0.8922044125526469,0.0028279175866697177,0.0016094889302086801,-0.00033293731024431044,1181047.4375474816,1211693.90357955,30646.466032068478,4045.900276708698,5.721402945694198,1773158.1405552765,-22142.569324023672,-6334095.894350754,27957.062257508656,136.59199826959386,6016.913078853186,-1433.013601496187,-1704.9746850097742,-373.84128998536204,-9.819574193450226,30588.918183946666,57.54784812181242,0.0018777972005514217
2025-10-21,671.2999877929688,671.2899780273438,-0.010009765625,-1.4911017141396175e-05,0.0027378507871321013,0.8922044125526469,0.8650243638045878,-0.0011179022285957446,-0.002522457432240638,-0.000127646151551147,1211693.90357955,1209097.493759958,-2596.4098195920233,4034.0752758823455,3.934701943640995,1621305.7941594436,-21698.497806984382,-4587382.742060982,-40.38014802518949,0.00019711953303994275,-1454.2267273403968,-454.68012855310695,-642.4838944705773,-0.24337815176700361,-1.0697210272103899,-2593.0838004487155,-3.3260191433078035,-0.001281006995972009
2025-10-22,671.2899780273438,667.7999877929688,-3.489990234375,-0.0051989309368668125,0.0027378507871321013,0.8650243638045878,0.8501786704606641,-0.0018746680373783737,-0.0013777616758255395,3.235417269809634e-05,1209097.493759958,1191110.6120383933,-17986.8817215648,4061.4235813176256,3.980842259434894,1628655.7700230577,-21990.265070733356,-4681807.478343954,-14174.328636458851,24.243392727071008,-3294.400597275552,-455.5909724783863,61.846450285992624,-134.69393572562333,-2.303207999471052,-17975.227506924817,-11.654214639984275,-0.0006479285748575209
2025-10-23,667.7999877929688,671.760009765625,3.96002197265625,0.005929952148911892,0.0027378507871321013,0.8501786704606641,0.8393077705636524,0.0009565119133766334,-0.0010088790676771597,2.353962889754986e-06,1191110.6120383933,1209177.988119076,18067.376080682734,4088.7324504320895,4.958836735568731,1712514.6537115895,-22411.21520727085,-5665885.535042889,16191.470344023706,38.88167855435173,2435.168992014138,-470.0006227479229,-69.61015823734566,-68.64029171160949,-0.8022552346245302,18056.467686660693,10.908394022040738,0.0006037619393833158
2025-10-24,671.760009765625,677.25,5.489990234375,0.008172546972973935,0.0027378507871321013,0.8393077705636524,0.8423502050100654,0.0019518820625701097,0.00028235458488676257,-0.00024764699078455663,1209177.988119076,1233727.3613928529,24549.373273776844,4092.672893046757,3.874221878584951,1621843.8519399422,-22277.141317814065,-4624323.443070466,22468.734215317974,58.38450971180667,3856.2083889452833,-455.66507028691547,-1180.785247380605,-211.5057167388638,-1.931932344091754,24533.43914722459,15.934126552252565,0.0006490644944192153
2025-10-27,677.25,685.239990234375,7.989990234375,0.011797696913067552,0.008213552361396304,0.8423502050100654,0.8748528267492607,0.003759693295104879,0.0030164213660283934,-0.00044293887427018265,1233727.3613928529,1268656.3032543273,34928.94186147442,4074.464824365198,2.530574061279772,1502648.6757438951,-21823.034518594475,-3258074.0843314976,32554.934156982385,80.77585311090189,6312.933722115631,-1305.040261283274,-2211.3852534832367,-595.5225621871983,-0.13640998620411438,34836.559245269,92.38261620541743,0.0026448730274109076
2025-10-28,685.239990234375,687.0599975585938,1.82000732421875,0.0026560144623145048,0.0027378507871321013,0.8748528267492607,0.8511624562392941,-0.0002942623333194122,-0.002198596173219408,2.2354897490585793e-05,1268656.3032543273,1275786.4388783257,7130.135623998474,4024.7568123035135,0.8667864803482956,1339515.1630145838,-20852.120737835023,-1443874.7329057828,7325.086876591703,1.435583323107597,175.37086180837866,-406.3601812277592,14.341896866261031,13.483514870410998,0.06631639558059055,7123.4248686276815,6.710755370792867,0.000941182008965711
2025-10-29,687.0599975585938,687.3900146484375,0.33001708984375,0.0004803322723145522,0.0027378507871321013,0.8511624562392941,0.8253325460427855,-0.0008912836832923942,-0.0023971571777973433,0.00010235386752232862,1275786.4388783257,1276421.2220503986,634.7831720728427,4037.383467461369,0.44487553910375865,1301373.9209145368,-20872.260890551646,-1026680.3812615424,1332.4055425148695,0.024225982110804435,-675.4585628935224,-399.48349367716787,367.07472401393505,6.273681144231857,0.7864608370076449,631.6225779214647,3.1605941513780635,0.0049790137647432444
2025-10-30,687.3900146484375,679.8300170898438,-7.55999755859375,-0.010998119550020342,0.0027378507871321013,0.8253325460427855,0.8530984016198916,-0.0016777662666575368,0.0025768235153733055,0.0002723534669791085,1276421.2220503986,1243130.8542089676,-33290.36784143094,4060.934336702014,0.3037389768329142,1292258.2244309261,-21080.749075066276,-930335.1393015189,-30700.653671076758,8.679882387039939,-3067.420910235255,-398.4057705146259,1121.8060553122796,-241.8048267318089,2.5519358148290223,-33275.2473050443,-15.120536386639287,-0.00045420154137862335
2025-10-31,679.8300170898438,682.0599975585938,2.22998046875,0.003280203010593594,0.0027378507871321013,0.8530984016198916,0.8317335539729227,-0.00018518054583541158,-0.001982774910940288,-0.0003876463804329969,1243130.8542089676,1250258.1025020517,7127.248293084092,4089.9429368826422,1.9607465844330605,1449059.9006694946,-21743.051830549346,-2700156.818509641,9120.492867550307,4.875212945532814,217.3390041321399,-430.1008255873956,-1800.0472927859796,12.469128316310107,-0.06703711350337659,7124.961057457412,2.28723562668074,0.0003209142620862744
2025-11-03,682.0599975585938,683.3400268554688,1.280029296875,0.0018767107020743238,0.008213552361396304,0.8317335539729227,0.8079530850231935,-0.00046563452292975953,-0.0022069578020420255,0.000657062460873859,1250258.1025020517,1257285.7073126817,7027.604810629971,4101.666370292172,1.4921247631357346,1409914.5025159717,-21760.559792552598,-2258597.6244624816,5250.253119980923,1.2224045612797618,330.5738639713536,-1264.6454720327558,2672.639115767728,16.318486169478827,0.1643931924803057,7006.525911610488,21.078899019483288,0.002999442852506347
2025-11-04,683.3400268554688,675.239990234375,-8.10003662109375,-0.011853596017736227,0.0027378507871321013,0.8079530850231935,0.8457656278736765,-0.0015601586967415252,0.0035092111360517375,0.00010235386752233296,1257285.7073126817,1220171.1008925904,-37114.60642009135,4131.024517253647,1.0300290100996747,1368832.2555983756,-21914.7055804221,-1831901.0912310313,-33461.44987239067,33.79040721540096,-3389.0736964855687,-418.53461785831206,373.5893069791059,-241.64227490731352,1.4213920871023982,-37101.899355360256,-12.70706473109749,-0.0003423736894113671
2025-11-05,675.239990234375,677.5800170898438,2.34002685546875,0.003465474334031267,0.0027378507871321013,0.8457656278736765,0.825203083309836,-1.8249392870082435e-05,-0.0019083167893340358,-4.764479733363695e-05,1220171.1008925904,1229759.9645140138,9588.863621423487,4149.228668227903,3.0621871409007184,1548567.758460076,-22480.270630084902,-3883688.6833141195,9709.306513134128,8.38384838880454,603.716265623083,-453.4170964090082,-292.5274535583113,6.001834236316848,-0.042147039498734495,9581.421764375513,7.441857047973826,0.0007760937418431098
2025-11-06,677.5800170898438,670.3099975585938,-7.27001953125,-0.010729388925125328,0.0027378507871321013,0.825203083309836,0.8504886689068519,-0.0018477754471578815,0.002346640872831568,-0.00024764699078455837,1229759.9645140138,1193617.3198824234,-36142.64463159046,4162.075167108715,2.450669290024731,1497854.550312398,-22494.27005708329,-3312571.104770257,-30258.367755410964,64.7628374357348,-4042.0768755919007,-444.4577738975916,-1186.6227251756636,-264.9428050003251,-0.013435892639749092,-36131.71853353335,-10.92609805711254,-0.0003023048857792379
2025-11-07,670.3099975585938,670.969970703125,0.65997314453125,0.0009845789961883417,0.0027378507871321013,0.8504886689068519,0.8249992539720951,-0.0008272040762203399,-0.0023655573520718898,-5.7646456726945065e-05,1193617.3198824234,1194679.9632372698,1062.6433548463974,4176.027115035011,4.545371539659417,1673627.6817139536,-22953.81732335269,-5336081.247309039,2756.06574675742,0.9899013580419141,-896.3164187019347,-475.66063843356955,-335.6316122365118,13.075679367608384,-0.7493589704500689,1061.7732991406044,0.8700557057929927,0.000818765488745523
2025-11-10,670.969970703125,681.4400024414062,10.47003173828125,0.01560432239211758,0.008213552361396304,0.8249992539720951,0.9006998104739616,0.006652801050521217,0.007025426375900867,0.00026706211755110447,1194679.9632372698,1248820.719842021,54140.756604751106,4202.5719253056195,4.384934413893564,1663573.988548549,-23204.78321639603,-5233229.397241813,44001.061440359575,240.3416855610503,11784.558399278794,-1421.5995234634988,959.1383238558402,-1483.3569674141186,-34.57718982286872,54045.56616835477,95.1904363963331,0.0017582029207914632
2025-11-11,681.4400024414062,683.0,1.55999755859375,0.002289266190720711,0.0027378507871321013,0.9006998104739616,0.8753994926886519,-0.0004550386753591107,-0.0023480081006168607,2.353962889759323e-06,1248820.719842021,1254759.2084477644,5938.488605743507,4110.319879498265,1.610501834432263,1410219.3772047916,-21624.137234593778,-2368637.2046498135,6412.088977056651,1.9596524983947565,6.183593698257482,-433.93396677179413,-70.78239394321342,17.17409553351778,0.025682149964767698,5932.715640221779,5.772965521728111,0.0009721270688546396
2025-11-12,683.0,683.3800048828125,0.3800048828125,0.0005563761095351391,0.0027378507871321013,0.8753994926886519,0.8488616451637765,-0.0009551187090698144,-0.0024628576403701863,-4.764479733363174e-05,1254759.2084477644,1254829.2461323824,70.03768461802974,4127.741382203774,1.2057384859306524,1377244.1254934962,-21711.77511924136,-2007850.9331912631,1568.561880224652,0.08705655590864794,-787.2165554376452,-427.96595519334113,-292.2726367245381,7.994492344739418,0.39600683031008055,69.58428860008574,0.45339601794400153,0.006473600896670479
2025-11-13,683.3800048828125,672.0399780273438,-11.34002685546875,-0.016594027882646877,0.0027378507871321013,0.8488616451637765,0.9368007474819118,-0.0008098583761987652,0.008161230477660236,0.00015235262774571708,1254829.2461323824,1204390.1844064773,-50439.061725905165,4153.375987105709,1.0777495988116037,1370996.1431960347,-21948.69032334495,-1944023.4514431152,-47099.39523463777,69.29725637381479,-3457.2566894883385,-426.8505437535466,595.3904665110296,-133.12295716559115,0.3893942444751731,-50451.54830791593,12.486582010766142,0.00024755777731593127
2025-11-14,672.0399780273438,671.9299926757812,-0.1099853515625,-0.00016365894166793892,0.0027378507871321013,0.9368007474819118,0.9082725702603299,-0.0012178655328740746,-0.0026475711404305713,-4.764479733363521e-05,1204390.1844064773,1201648.5861245166,-2741.5982819607016,4140.963049444747,4.0513458361173775,1619995.3828612315,-22302.788446432947,-4768393.1628967,-455.4452768005026,0.024504114695682547,-1515.4530239235842,-476.7881055804848,-287.7707417206135,-2.9901022646071005,-1.15852860499127,-2739.5812747800874,-2.0170071806142005,-0.0007357048601488409
2025-11-17,671.9299926757812,665.6699829101562,-6.260009765625,-0.009316461288915215,0.008213552361396304,0.9082725702603299,0.9154909227714292,-0.002285650249301147,0.0006699026594444712,-0.00015293843557999832,1201648.5861245166,1168371.5129449891,-33277.07317952742,4171.735404523671,4.105069691545939,1628156.9475471699,-22626.154383541674,-4875967.702770652,-26115.104371921738,80.43416547686432,-4527.413004963943,-1434.5985329018665,-910.4803674268135,-298.25617538888287,-3.0030013344421054,-33208.42128846082,-68.65189106659818,-0.0020630387382996745
2025-11-18,665.6699829101562,660.0800170898438,-5.5899658203125,-0.008397503213040272,0.0027378507871321013,0.9154909227714292,0.9158051859955278,-0.0021462837682747317,2.9165348916615486e-05,2.353962889759323e-06,1168371.5129449891,1139347.2880330759,-29024.224911913276,4199.305439465473,6.1187570361420285,1785282.832054161,-23093.752368699446,-6705328.9930197485,-23473.973875664356,95.59859679714206,-4808.890385093895,-507.89251806625833,-65.44005950331295,-245.17642604777117,-5.2038907237011305,-29010.97855830215,-13.246353611124505,-0.000456389572893897
2025-11-19,660.0800170898438,662.6300048828125,2.54998779296875,0.0038631495075568544,0.0027378507871321013,0.9158051859955278,0.8938736081767171,3.428531525447947e-05,-0.0020353705757710783,2.353962889754986e-06,1139347.2880330759,1150464.4854664572,11117.197433381341,4207.741929468573,8.080284208342782,1926709.9547160366,-23326.903873654963,-8347639.180388454,10729.690556107636,26.270772510457807,942.0270383464531,-532.0753406529788,-63.71262024033095,7.268877588505202,-0.10129293735697092,11109.367990722387,7.8294426589545765,0.0007042640652800945
2025-11-20,662.6300048828125,652.530029296875,-10.0999755859375,-0.015242255122032547,0.0027378507871321013,0.8938736081767171,0.9590636420043887,-0.001307956691947798,0.006049992288861189,3.2354172698110216e-05,1150464.4854664572,1102061.410866376,-48403.07460008119,4234.156893956628,7.239176010873219,1868483.275685778,-23527.49357651145,-7695172.869572957,-42764.8812559909,369.23238738602066,-5382.048867184361,-523.0820798068042,68.69658739412864,-197.12004323210962,-1.0870854729746053,-48430.290356907,27.21575682580442,0.0005622733070299375
2025-11-21,652.530029296875,659.030029296875,6.5,0.009961227389035241,0.0027378507871321013,0.9590636420043887,0.9668935062648153,0.00260190640667181,0.0007266543000059578,-0.00034764689541712853,1102061.410866376,1133582.4525826725,31521.04171629646,4165.534150990852,10.907806792389867,2109716.3623083243,-22941.772076614216,-10434575.472240794,27075.97198144054,230.42741848923595,6703.290908839888,-564.0269586017059,-1584.0268890332486,-320.99813980826684,-16.628783373104568,31524.009537953334,-2.967821656875458,-9.415366673434166e-05
2025-11-24,659.030029296875,668.72998046875,9.699951171875,0.01471852683590756,0.008213552361396304,0.9668935062648153,1.0156191027529595,0.005391586384894731,0.004522002301804329,-9.29380159632974e-05,1133582.4525826725,1183123.3993546017,49540.94677192927,4179.070159087058,8.521176439461073,1951862.3915524222,-22954.082068778975,-8623033.837458536,40536.776486984345,400.8747096958414,11891.352443401229,-1619.5230087972136,-626.0873544723145,-1054.8277179933436,-58.48275736771093,49470.08280145083,70.86397047844366,0.001430412115551178
2025-11-25,668.72998046875,675.02001953125,6.2900390625,0.009405947461920224,0.0027378507871321013,1.0156191027529595,1.0160119077769647,0.002353005643010219,3.6454458246515387e-05,2.2354897490585793e-05,1183123.3993546017,1213705.7346114889,30582.335256887134,4149.598258405458,5.291015474416522,1709978.247934265,-22263.448938174555,-5858656.43888809,26101.1351390523,104.66843268875456,5137.273998436835,-503.99239234615726,21.934114043137022,-287.81868509474043,-5.183440109944222,30568.01716667019,14.318090216944256,0.0004681817165587388
2025-11-26,675.02001953125,679.6799926757812,4.65997314453125,0.0069034591711328004,0.0027378507871321013,1.0160119077769647,1.0020955287460267,0.001221219037622572,-0.001291516216245736,0.00021235304736241366,1213705.7346114889,1236259.158020557,22553.423409068026,4136.0425566309905,3.4844975032902354,1564180.3963013804,-21849.236071867803,-4221147.649983548,19273.847238538787,37.83354091986891,2962.876750505005,-478.6522538251773,848.1741041790822,-104.89130688520018,-0.5444683915875519,22538.643605040776,14.779804027250066,0.0006553241944328314
2025-11-28,679.6799926757812,683.3900146484375,3.71002197265625,0.005458483422544987,0.0054757015742642025,1.0020955287460267,0.9824144056637825,0.0003517976169373814,-0.0018265160468924624,-0.0005552920170000253,1236259.158020557,1249484.0862537664,13224.928233209532,4132.333416686579,2.2196892230391647,1456891.4724737331,-21573.279582913696,-3037336.180790362,15331.047774248882,15.27619316380983,1372.6550368715189,-919.380226341154,-2577.7856413841137,-17.21799825407855,0.07001237003751637,13204.665150674904,20.263082534627756,0.0015321884684216655
2025-12-01,683.3900146484375,680.27001953125,-3.1199951171875,-0.00456546781531853,0.008213552361396304,0.9824144056637825,0.9603155029592764,-0.0022431358008606146,-0.002050899241868548,-3.293759634660342e-05,1249484.0862537664,1231853.6024689698,-17630.48378479667,4140.745863359234,1.3987118327341115,1389181.685690756,-21465.269629620583,-2298969.8366171746,-12919.10687519515,6.807788923799564,-2812.2971537327885,-1335.5558999022585,-380.7208790836267,-147.6218495601887,1.8272539076838505,-17586.66761464253,-43.8161701541394,-0.0024852505858020462
2025-12-02,680.27001953125,681.530029296875,1.260009765625,0.001852220044171913,0.0027378507871321013,0.9603155029592764,0.9323747656895653,-0.0007608012343789984,-0.002593053494552633,-0.00020764750576868912,1231853.6024689698,1235248.7991357064,3395.1966667366214,4196.698167283072,2.1525848279628583,1461540.5422527287,-22138.510603404335,-3130841.1564319264,5287.88067415721,1.7087483234231855,-465.00637365727925,-461.52606515319536,-991.0284451133576,22.29581104595672,-0.14990858840625565,3394.1744410143515,1.0222257222699227,0.00030107997344744705
2025-12-03,681.530029296875,683.8900146484375,2.3599853515625,0.003462775299860615,0.0027378507871321013,0.9323747656895653,0.9086857749311932,-0.00022284316303322195,-0.0021984681247123605,-0.0003676454458321635,1235248.7991357064,1243444.994359964,8196.195224257652,4220.563044233678,1.8308795027693527,1439642.0854177377,-22319.01794898821,-2895007.01290649,9960.466959737512,5.098569945431965,370.1399869424065,-456.334737281279,-1702.2707681955633,15.317508469631301,-0.11453233282121231,8192.302987285317,3.892236972335013,0.0004748833898947962
2025-12-04,683.8900146484375,684.3900146484375,0.5,0.0007311117128344555,0.0027378507871321013,0.9086857749311932,0.8812203310337603,-0.0010436484152925869,-0.0025489436656663533,-0.00022764605618373016,1243444.994359964,1243122.8296402858,-322.1647196782287,4233.71044750952,1.2598210283725528,1395629.627421585,-22334.60558074734,-2410218.732730129,2116.85522375476,0.1574776285465691,-915.0359057832043,-446.08451231322914,-1087.5498225007964,11.792201998820168,0.2936775000703,-319.57165971503264,-2.593059963196083,-0.008048863841409997
2025-12-05,684.3900146484375,685.6900024414062,1.29998779296875,0.0018994838690575245,0.0027378507871321013,0.8812203310337603,0.8558808170620311,-0.0006185630630291299,-0.0023516457214565467,-8.764666653529509e-05,1243122.8296402858,1247590.9863002035,4468.156659917673,4261.77001901051,1.1239910465138259,1390567.5424323194,-22594.075417360888,-2360837.556251738,5540.24900115386,0.9497545976159484,-183.5932162469469,-444.0393839525591,-468.9131299380864,19.316416419706,0.08113856927323537,4464.050580602862,4.106079314810813,0.0009189649395342528
2025-12-08,685.6900024414062,683.6300048828125,-2.05999755859375,-0.0030042694967975436,0.008213552361396304,0.8558808170620311,0.8336994897687395,-0.0018322826695434428,-0.002058548695278606,0.00015706293771102116,1247590.9863002035,1235732.7511098627,-11858.235190340783,4282.270411649854,0.7520837409356638,1363867.8810109426,-22722.67031075624,-2072675.3424298745,-8821.466593236953,1.595767499067125,-2078.9149023674927,-1315.1667419484963,465.6921307410829,-86.73118006607679,2.65706263065535,-11832.334456748215,-25.90073359256894,-0.002184198000531022
2025-12-09,683.6300048828125,683.0399780273438,-0.59002685546875,-0.0008630792259767652,0.0027378507871321013,0.8336994897687395,0.8086314255810207,-0.0012698264413091179,-0.002326453694337538,0.00014288461975570446,1235732.7511098627,1231939.5358557247,-3793.215254137991,4338.044149382043,1.2093602692242484,1409835.8914205618,-23341.861877963653,-2619948.062131527,-2559.562548344495,0.21050831727736696,-1358.0042401858077,-450.1629785317365,590.4215418285255,-17.54479754037036,1.0488605556982762,-3793.593653900908,0.3783997629170699,9.975699705000298e-05
2025-12-10,683.0399780273438,687.5700073242188,4.530029296875,0.006632158354710025,0.0027378507871321013,0.8086314255810207,0.8036813731883852,0.0013445670629301633,-0.00045939198135822035,-0.0003860326180731297,1231939.5358557247,1252030.8898252423,20091.35396951763,4372.880522432656,1.291411938801751,1422122.2717562364,-23713.896124351806,-2771992.3618727196,19809.276878353987,13.250639017566316,2583.168738176315,-453.36818617477394,-1754.4851586275277,-128.8659633290587,1.5698192542802962,20070.546766670785,20.80720284684503,0.0010356296981484413
2025-12-11,687.5700073242188,689.1699829101562,1.5999755859375,0.0023270002601830228,0.0027378507871321013,0.8036813731883852,0.7816734686598545,-0.0004277510707040422,-0.0020424541125960705,-0.0002453517343333853,1252030.8898252423,1257470.4591336013,5439.569308358943,4351.645269986182,0.1350167370889146,1324128.7296822984,-23225.559167133455,-1681551.000847321,6962.526190638292,0.17281614942275628,5.2029764391998015,-432.5529016540424,-1117.9467356029254,17.835282302130096,0.06546329119195293,5435.30309156327,4.266216795673245,0.0007842931220891667
2025-12-12,689.1699829101562,681.760009765625,-7.40997314453125,-0.010752025375860359,0.0027378507871321013,0.7816734686598545,0.811131632823251,-0.0018124624669076906,0.002733879023650798,-0.00042535299318347073,1257470.4591336013,1218502.689330804,-38967.76980279735,4367.134067290304,-0.2951378649753309,1292475.6979484526,-23280.31634274983,-1337127.4356975965,-32360.346157188684,-8.102670969885502,-3932.382782343262,-425.06221826602916,-1935.6574691348826,-286.99720371881045,4.199134218686765,-38944.349367402865,-23.420435394487868,-0.0006010206771650197
2025-12-15,681.760009765625,680.72998046875,-1.030029296875,-0.001510838538665685,0.008213552361396304,0.811131632823251,0.7874601671148419,-0.0015449387926935205,-0.002196841704063174,0.00014394061990633672,1218502.689330804,1211398.8571060873,-7103.832224716665,4404.100278783285,1.9117869442666553,1477813.904920747,-24077.730987147836,-3419739.5187368337,-4536.3523135221385,1.014165075071324,-1747.3526630771294,-1385.812724422739,618.5195752552984,-39.7360281322795,0.8989507959840113,-7088.821038027933,-15.011186688731868,-0.002113111094671241
2025-12-16,680.72998046875,678.8699951171875,-1.8599853515625,-0.0027323394075896524,0.0027378507871321013,0.7874601671148419,0.7669694593780783,-0.0016132846564518748,-0.001901649938216593,7.46465299793558e-05,1211398.8571060873,1200598.4060314796,-10800.45107460767,4457.755540829491,2.16332153847803,1503036.5442958102,-24613.68758707861,-3746255.1335426057,-8291.360006789424,3.742054655429947,-2293.00224330733,-469.6636684741787,328.9031948405509,-72.1545459321909,0.991352531331624,-10792.543862475814,-7.907212131856795,-0.0007321186936763219
2025-12-17,678.8699951171875,671.4000244140625,-7.469970703125,-0.011003536401451243,0.0027378507871321013,0.7669694593780783,0.800317304715181,-0.0015871390566882587,0.0030948627465502143,-1.5354099445684735e-05,1200598.4060314796,1161887.4812023751,-38710.92482910445,4498.208360955508,2.7220228800036033,1551011.2268451331,-25114.668345197217,-4311067.469146224,-33601.48467288957,75.94506755523716,-4356.25559643085,-479.4897845115374,-81.41484565050308,-256.55860362514505,1.8435315028262291,-38697.41490404955,-13.509925054902851,-0.00034899515096951494
2025-12-18,671.4000244140625,676.469970703125,5.0699462890625,0.007551304892321225,0.0027378507871321013,0.800317304715181,0.8015953056858289,0.001879399954103652,0.00011860549172310053,-0.00020535224931751174,1161887.4812023751,1187354.9831164621,25467.501914086984,4507.5638415237945,5.430683824707849,1744482.471776106,-25514.83341849756,-6536791.277786449,22853.106571045868,69.79611347700397,4205.619637089762,-517.7247168859935,-947.2437149947987,-212.4349497955691,-1.460529297218745,25449.658410639055,17.843503447929834,0.0007006381508529486
2025-12-19,676.469970703125,680.5900268554688,4.12005615234375,0.006090523350299424,0.0027378507871321013,0.8015953056858289,0.7939595997722045,0.0012013829226805827,-0.0007086353417081748,4.64683515514e-06,1187354.9831164621,1208176.0461611324,20821.06304467027,4492.876521797289,3.6517409162840764,1615666.0399021055,-25112.04267676555,-5061803.5530007435,18510.903555351706,30.993900332145554,2852.444808563851,-494.0569156839528,10.077944614906475,-105.81194615060878,0.14462934923456983,20804.69597637728,16.367068292991462,0.0007860822599632379
2025-12-22,680.5900268554688,684.8300170898438,4.239990234375,0.006229874178387588,0.008213552361396304,0.7939595997722045,0.7874873474552767,0.0011622251940617066,-0.0006006604738461874,7.394092508212005e-05,1208176.0461611324,1228861.8459633004,20685.79980216804,4484.95295282161,2.269241643840896,1510966.387690092,-24794.07763380305,-3879552.9921870297,19016.156721594947,20.39766532747844,2811.820693347914,-1424.15068720358,303.72826114074945,-97.5022958027108,0.3977647389843786,20630.848123143784,54.95167902425601,0.002656492838072262
2025-12-23,684.8300170898438,687.9600219726562,3.1300048828125,0.004570484360649558,0.0027378507871321013,0.7874873474552767,0.7731756978100344,0.000592817708310187,-0.0013281994947799136,0.00019464498502696787,1228861.8459633004,1244979.5978841605,16117.751920860028,4485.747001822464,0.9242243130075494,1404490.6680554445,-24475.705523641587,-2712759.1048520124,14040.410018765844,4.527280711170756,1675.6549695525757,-456.5849378533428,875.6916023024708,-36.394962333410156,0.2592370764852794,16103.563208221794,14.188712638233483,0.0008803158596745784
2025-12-24,687.9600219726562,690.3800048828125,2.41998291015625,0.0035176214211069885,0.0027378507871321013,0.7731756978100344,0.7554809792449286,0.00014312188464244162,-0.0016421668250004434,8.46481893726752e-05,1244979.5978841605,1256701.3182048188,11721.720320658293,4481.787480344117,-0.07223748591017198,1324224.657227905,-24210.061023458,-1829913.669276096,10845.849109385004,-0.21152281869653458,934.4097578469526,-441.49858871164963,374.61288587804495,-3.3866677584006655,-0.0018077260586634807,11709.773166095196,11.947154563096774,0.0010192321806246458
2025-12-26,690.3800048828125,690.3099975585938,-0.07000732421875,-0.00010140404374925848,0.0054757015742642025,0.7554809792449286,0.73247100599441,-0.0011811607571403642,-0.0021354515799230783,-0.0001107071689231175,1256701.3182048188,1254064.3813360552,-2636.9368687635288,4485.167786374792,-0.8253604898399445,1264279.1534403432,-24060.017103253293,-1177919.64142384,-313.9945953962333,-0.002022556380700021,-933.4428033347722,-859.215590268805,-526.9892146340485,-2.06518059566845,1.9337209657401973,-2633.7756858201683,-3.1611829433604726,-0.0011988087317550248
2025-12-29,690.3099975585938,687.8499755859375,-2.46002197265625,-0.00356364818901155,0.008213552361396304,0.73247100599441,0.7165461984213191,-0.0018839678893218857,-0.0014779093883197508,-3.605825475796066e-05,1254064.3813360552,1239146.501482125,-14917.879853930324,4526.039299510299,-0.8940742534986015,1267713.9593990599,-24435.891089311648,-1238493.2178198956,-11134.156125901038,-2.705338203610033,-2139.399017037017,-1292.1811056729236,-198.31102080760263,-114.60741614024445,5.618116675766615,-14875.741907086669,-42.1379468436553,-0.0028246605587558386
2025-12-30,687.8499755859375,687.010009765625,-0.8399658203125,-0.0012211468345215601,0.0027378507871321013,0.7165461984213191,0.6954854352040388,-0.001296346835591959,-0.0019545542099104196,2.4645385570182775e-05,1239146.501482125,1233565.7478776083,-5580.75360451662,4592.11725219975,-0.27082661167532507,1328763.7030235385,-25194.145841188878,-1956657.9771205299,-3857.221534715146,-0.09553985307133027,-1351.6512542742335,-445.51623016821804,102.68563785850777,-27.396262602488704,2.2068212788576336,-5576.988362475792,-3.7652420408276157,-0.0006746834402042633
2025-12-31,687.010009765625,681.9199829101562,-5.09002685546875,-0.007408955885817768,0.0027378507871321013,0.6954854352040388,0.7030158616270249,-0.0017336884060134838,0.0006988648281934934,7.46465299793532e-05,1233565.7478776083,1206501.799035387,-27063.948842221173,4631.148889975804,-0.10284468652020706,1349732.901273266,-25627.29009326527,-2206859.4530449556,-23572.672221651133,-1.3322692697403036,-3145.218302082896,-450.1533649769171,334.94106574118535,-212.1582548245864,4.66751323465361,-27041.92583382943,-22.023008391741314,-0.0008137396549236847
2026-01-02,681.9199829101562,683.1699829101562,1.25,0.00183305964237257,0.0054757015742642025,0.7030158616270249,0.6833566055624354,-0.0005659268630799255,-0.0018244866678536475,-0.00013070571933815767,1206501.799035387,1210656.4988923753,4154.699856988154,4675.923212158196,1.588421747941446,1481138.4513356467,-26376.40536362635,-3710068.0321555063,5844.904015197745,1.2409544905792547,-136.92045382106335,-957.2584140635969,-629.2061647571152,21.709620224489996,-0.046199906505111965,4144.423357364533,10.27649962362102,0.0024734637825488343
2026-01-05,683.1699829101562,687.719970703125,4.54998779296875,0.006660110816910876,0.008213552361396304,0.6833566055624354,0.685910230049209,0.0015701481856143175,0.00023699034264146324,-0.00016605836919887478,1210656.4988923753,1232895.6714034681,22239.172511092853,4706.458087343984,1.1273910223607864,1452646.1641179156,-26568.868133162658,-3413963.201512615,21414.326845534175,11.66984370275273,3131.310914981752,-1419.6888302982325,-807.1081200999802,-161.74470965238635,2.331506112645215,22171.097450280726,68.07506081212705,0.0030610428862931547
2026-01-06,687.719970703125,691.8099975585938,4.09002685546875,0.0059472271123479315,0.0027378507871321013,0.685910230049209,0.6836606697835091,0.00143173245034698,-0.0002087715170817489,5.4645595378531066e-05,1232895.6714034681,1254356.235726873,21460.564323404804,4690.559981287851,-0.3739382385160468,1336855.408478864,-26015.027334008082,-2140434.1300566904,19184.51629065431,-3.127679196947503,2602.7649855614745,-451.15940839626273,243.24095323667729,-137.40847251662987,2.8851389994744183,21441.711808342097,18.852515062706516,0.000878472475308864
2026-01-07,691.8099975585938,689.5800170898438,-2.22998046875,-0.0032234001772446616,0.0027378507871321013,0.6836606697835091,0.668433844680167,-0.0016315048319470763,-0.0014131327911652974,-4.531235242336701e-05,1254356.235726873,1241294.8554388296,-13061.380288043292,4659.4320940634825,-1.6634733511499569,1231596.6934170863,-25372.044970539653,-980608.7635945464,-10390.442565228479,-4.136070862222119,-1915.9635834346109,-429.6256284892265,-222.2820663215737,-90.4318908619307,4.994070958237419,-13047.887734239805,-13.49255380348768,-0.0010330113285070717
2026-01-08,689.5800170898438,689.510009765625,-0.07000732421875,-0.0001015216834649501,0.0027378507871321013,0.668433844680167,0.6480763448307569,-0.0010183195616045274,-0.0018892875164783773,-7.514963941160618e-05,1241294.8554388296,1239303.7473649625,-1991.108073867159,4709.584148692397,-1.0656725124618234,1288510.9947518064,-26019.277397638758,-1627666.3048930122,-329.7053844329944,-0.0026114440494168305,-849.4157196673873,-441.96892319714954,-368.33897367563907,-1.8869335340131637,1.6000562245757948,-1989.718489726657,-1.3895841405019382,-0.000697894885134521
2026-01-09,689.510009765625,694.0700073242188,4.55999755859375,0.006613388484590329,0.0027378507871321013,0.6480763448307569,0.6525938718520622,0.001908072543193498,0.0004192512572683549,6.485213442262473e-05,1239303.7473649625,1263628.838011756,24325.0906467936,4742.75216012724,-1.1321912159354497,1291695.917093906,-26341.34953229069,-1678461.8191675795,21626.93827119545,-11.771153029368538,3051.0704191059885,-442.2508575402149,285.2932409899835,-211.1605087300767,6.018499978675099,24304.13791197044,20.952734823160426,0.0008613630726972153
2026-01-12,694.0700073242188,695.1599731445312,1.0899658203125,0.0015703975230316322,0.008213552361396304,0.6525938718520622,0.634103394381114,-0.0005988509144339553,-0.0017160176111016695,0.00021455495368291697,1263628.838011756,1268665.4955227543,5036.657510998193,4695.174368460486,-2.522358325238514,1174294.7957480652,-25475.70808691567,-389699.75312795583,5117.579582029258,-1.4983129919542548,189.85384833015019,-1253.780271218424,943.4686323523179,19.762986451231562,0.8748788819666098,5016.261343834546,20.39616716364708,0.004049544190588582
2026-01-13,695.1599731445312,693.77001953125,-1.38995361328125,-0.001999473023445013,0.0027378507871321013,0.634103394381114,0.6171118198974607,-0.0013059790473598442,-0.001576911202001527,0.00027485121889529035,1268665.4955227543,1261800.0694440776,-6865.426078676712,4729.371694350873,-3.0607435940644017,1140047.0167518281,-25623.21942887595,-58261.13852151483,-6573.607275113064,-2.9566340031242118,-1096.1581871447693,-413.13217853923857,1263.8495520259976,-46.33865083261499,4.441142804163888,-6863.90223080265,-1.5238478740620849,-0.00022195969435822715
2026-01-14,693.77001953125,690.3599853515625,-3.4100341796875,-0.004915222744839148,0.0027378507871321013,0.6171118198974607,0.6126516561956878,-0.0016371589435012458,-0.00041392762694549,4.851714805928151e-06,1261800.0694440776,1242804.9346459168,-18995.134798160754,4773.913566629998,-2.845025757640631,1167229.2896364746,-26135.51150133716,-372773.24329125043,-16279.208433082153,-16.54145360340378,-2128.8999068972907,-421.0988512723026,4.591630485917502,-141.28329308772868,6.497292747567009,-18975.943014709395,-19.191783451358788,-0.0010103525800310232
2026-01-15,690.3599853515625,692.239990234375,1.8800048828125,0.0027232240029889864,0.0027378507871321013,0.6126516561956878,0.5984239084589801,3.406589779182195e-05,-0.0013204129380035012,5.485285921510638e-05,1242804.9346459168,1252392.9579332052,9588.023287288379,4830.411354869151,-1.8302915200416585,1255059.6996968668,-26946.358284808353,-1363101.3847364662,9081.196933146948,-3.2345079757436257,698.044896658295,-441.1965011558377,240.40503343911527,2.003641940150111,-0.02330140880757961,9577.196194644119,10.82709264426012,0.001129230949888751
2026-01-16,692.239990234375,691.6599731445312,-0.58001708984375,-0.0008378844014015585,0.0027378507871321013,0.5984239084589801,0.5806264263390221,-0.0011312017027705018,-0.0016517038458904176,-7.514963941159837e-05,1252392.9579332052,1247789.4155181572,-4603.542415047996,4833.930860455521,-2.5515630477875852,1203532.9138512257,-26797.261005606582,-805456.5985403871,-2803.7625101873055,-0.429198196382487,-977.1959293802474,-430.43816321850375,-372.329260384418,-17.67691704467338,2.7862731529458156,-4599.045705258585,-4.496709789410488,-0.000976793387351381
2026-01-20,691.6599731445312,677.5800170898438,-14.0799560546875,-0.020356759970762847,0.010951403148528405,0.5806264263390221,0.7870413905812162,0.0030635581467269735,0.019156439545223045,0.00016940790826545753,1247789.4155181572,1176654.0492068012,-71135.36631135596,4872.474500701537,-2.4764146001632383,1219402.7593764835,-27208.880092774132,-998627.1222535959,-68604.22684746307,-245.4686074157581,-2341.1292126302487,-1734.4529296497703,730.0593583022576,1224.4489086596873,10.646425755825746,-70960.12290444107,-175.2434069148876,-0.002463520130730134
2026-01-21,677.5800170898438,685.4000244140625,7.82000732421875,0.011541083159159719,0.0027378507871321013,0.7870413905812162,0.8224629813391078,0.0046847601145782415,0.0032873176828062123,0.0001648520390551949,1176654.0492068012,1221703.4830319665,45049.433825165266,4803.585331552129,3.449377958991189,1593730.3846111703,-27217.33635483057,-5222804.0581835,37564.0724752474,105.46906791426892,8056.009503063096,-527.5690751261182,743.8037112319291,-925.8441478566936,5.172353775314889,45021.11388824919,28.319936916079314,0.0006286413504326748
2026-01-22,685.4000244140625,688.97998046875,3.5799560546875,0.005223163010167598,0.0027378507871321013,0.8224629813391078,0.8094871822810237,0.0007821219563274889,-0.001204225241710155,4.851714805926416e-06,1221703.4830319665,1239952.24174714,18248.758715173462,4710.981858126156,0.5589350324641096,1376412.2156962096,-25752.978515374984,-2783212.985640944,16865.108026521702,3.5816795415588976,1901.0479173841986,-484.85179932390514,4.696524737858974,-59.75936318330487,0.7421267921564554,18230.565112470267,18.19360270319521,0.000996977547194353
2026-01-23,688.97998046875,689.22998046875,0.25,0.00036285524556157876,0.0027378507871321013,0.8094871822810237,0.7848869111078143,-0.001097398904606896,-0.0022830399397436307,-5.51487048107719e-05,1239952.24174714,1239600.7806081288,-351.4611390111968,4700.612996686774,-0.6730058680487581,1285128.8356106607,-25382.342694508898,-1790529.8633917263,1175.1532491716935,-0.02103143337652369,-802.4555232730963,-464.5839273271533,-269.43882116686785,7.1247840781713325,1.6491457385931438,-352.5721242120361,1.110985200839309,0.0031610470618884424
2026-01-26,689.22998046875,692.72998046875,3.5,0.005078130811459516,0.008213552361396304,0.7848869111078143,0.7729392781127665,0.00058410568371755,-0.0011088057981571142,-5.544455040643742e-05,1239600.7806081288,1256142.1422194983,16541.36161136953,4735.420574822052,-0.85854164777367,1279782.8743231632,-25690.17898366329,-1748440.4620279297,16573.97201187718,-5.258567592613729,1645.701106644505,-1388.3490250503469,-307.0185280851754,-35.37551520041814,0.20548940223474155,16483.876971995363,57.48463937416818,0.0034752060153655498
2026-01-27,692.72998046875,695.489990234375,2.760009765625,0.00398425049217212,0.0027378507871321013,0.7729392781127665,0.7568999744325989,0.00029013288476226103,-0.001488535254334039,-4.514942960325095e-05,1256142.1422194983,1269607.35175346,13465.209533961723,4739.846813041454,-2.044423192490715,1191862.522425951,-25381.598830182185,-830634.8778398857,13082.023491560947,-7.786854159249981,1057.8410728097056,-443.9386517395011,-224.6052362330105,-14.030560265402121,0.14311639847810395,13449.646378371966,15.563155589756207,0.0011558049319992443
2026-01-28,695.489990234375,695.4199829101562,-0.07000732421875,-0.00010065899610597996,0.0027378507871321013,0.7568999744325989,0.7338466900854106,-0.0011226170933936602,-0.002139471086977887,0.00012485255403932739,1269607.35175346,1268777.319087747,-830.0326657129917,4734.398582842664,-2.954548233183381,1123635.039492576,-25085.57409452558,-108131.128581875,-331.4425765698569,-0.0072401580335761506,-630.082942095105,-427.4596201799262,554.8796396823432,-2.0051967424442148,3.0295136748406986,-833.088422388182,3.0557566751903096,0.003681489658681611
2026-01-29,695.4199829101562,694.0399780273438,-1.3800048828125,-0.0019844193677574944,0.0027378507871321013,0.7338466900854106,0.7134712293783628,-0.0015739124090336592,-0.0018909543824674052,-1.5149219794906993e-05,1268777.319087747,1260249.909555026,-8527.409532720922,4770.2859400850975,-3.1266960334317773,1120511.7743226634,-25403.91385037495,-90291.63841518108,-6583.017889729252,-2.9772610316282684,-1369.80127092153,-427.2901556161734,-87.36158167024782,-54.76383815962723,5.877216173471739,-8519.334780954987,-8.074751765934707,-0.0009469173182020518
2026-01-30,694.0399780273438,691.969970703125,-2.07000732421875,-0.0029825476770117642,0.0027378507871321013,0.7134712293783628,0.6963333096190178,-0.0017289754512936693,-0.0015904928453518846,-7.514725522580513e-05,1260249.909555026,1247584.7199652798,-12665.189589746296,4821.291156694422,-2.8656854243269017,1153312.584000287,-25985.85349362326,-461120.48014123365,-9980.108006548542,-6.139631184463352,-1779.3318075958096,-434.98343738414997,-365.5445697434869,-91.46000984343242,6.845086552967764,-12650.722375746916,-14.467213999379965,-0.001142281676627453
2026-02-02,691.969970703125,695.4099731445312,3.44000244140625,0.00497131752395381,0.008213552361396304,0.6963333096190178,0.6880231149078275,0.0007207461030115589,-0.0007712315973717881,7.45555640344845e-05,1247584.7199652798,1265053.589422036,17468.86945675616,4878.1571108418375,-2.3212177058018924,1206804.7743553477,-26687.16022264902,-1062454.8922663732,16780.87237085918,-13.73420041629738,1737.359837873518,-1341.5495473436436,294.8823287338839,-48.86619959131854,0.5193800416171954,17409.483970156944,59.385486599217984,0.0033995037140912626
2026-02-03,695.4099731445312,689.530029296875,-5.87994384765625,-0.008455363130712802,0.0027378507871321013,0.6880231149078275,0.7046577248812902,-0.0017051477872487278,0.0015437829397926123,0.00012485016985353675,1265053.589422036,1233356.3256215756,-31697.26380046038,4874.798323252593,-3.5713422445221816,1114633.0378017905,-26253.46177954719,-107332.28257180192,-28663.540409374087,-61.73732848441853,-2839.7676524966528,-427.4806246944242,563.0595533203866,-248.71463492741614,8.334260153577134,-31669.846836503035,-27.416963957344706,-0.0008649631125872289
2026-02-04,689.530029296875,686.1900024414062,-3.34002685546875,-0.0048439179057576795,0.0027378507871321013,0.7046577248812902,0.6954230817647151,-0.0018745531237085301,-0.0008570254740679212,5.485285921509944e-05,1233356.3256215756,1213923.475673788,-19432.84994778759,4940.451799583221,-1.5805202545444104,1266177.7289943043,-27335.268879601477,-1779168.709428519,-16501.241688756872,-8.815967644712858,-2518.42040052659,-465.7901051801975,238.85576671009994,-165.33022903414704,7.362735091264174,-19413.37988934115,-19.47005844643718,-0.0010019147216568625
2026-02-05,686.1900024414062,677.6199951171875,-8.57000732421875,-0.012489262877231358,0.0027378507871321013,0.6954230817647151,0.7533707837930622,-0.0010252469178258685,0.005377864220096659,-0.00016514788465085434,1213923.475673788,1165371.6442320456,-48551.83144174237,5001.379887565586,-0.4094060608086636,1356832.4345794148,-28162.503500463008,-2806147.091966979,-42861.862267637414,-15.034419295580806,-4198.999794004387,-487.3709235720629,-792.2808236853166,-193.8168172474432,3.334765759892652,-48546.03027968231,-5.801162060059141,-0.00011948389767788658
2026-02-06,677.6199951171875,690.6199951171875,13.0,0.019184793975496224,0.0027378507871321013,0.7533707837930622,0.8898273404807425,0.011556272540017294,0.012663916050532645,0.00012485016985353415,1165371.6442320456,1244155.9904225771,78784.3461905315,5017.062809630795,3.531175084627236,1603891.7672888394,-28821.663037879178,-5571705.880625472,65221.81652520033,298.3842946510014,17175.206095449663,-545.0244735703492,566.2263179810973,-4136.177773865428,39.24146740397032,78619.67245325028,164.67373728122038,0.0020901834595793253
2026-02-09,690.6199951171875,693.9500122070312,3.33001708984375,0.004821779145387613,0.008213552361396304,0.8898273404807425,0.8722579389063511,0.00042583493204217986,-0.001630536721701381,4.455535422613101e-05,1244155.9904225771,1261527.5994464168,17371.6090238397,4742.006180951565,-1.0661147391790813,1239094.9385352866,-25122.868846334517,-1492857.686544653,15790.961622713405,-5.911080537512403,2838.857475419294,-1413.5446250505308,150.2110998780316,-37.91993450604337,1.5775134709623682,17324.232071387603,47.37695245209761,0.0027272633402628662
2026-02-10,693.9500122070312,692.1199951171875,-1.83001708984375,-0.0026371021797716855,0.0027378507871321013,0.8722579389063511,0.8486288371466869,-0.00190417607445041,-0.002192910097524814,-2.514849500241667e-05,1261527.5994464168,1250755.8746383518,-10771.724808064988,4745.806498035501,-2.3006376113598463,1157460.2911891309,-24813.330224484744,-671161.2995411549,-8684.906996496486,-3.8523745997707253,-1407.1615758831304,-455.6960264421306,-130.61566913211357,-82.2805221075177,5.292859930963864,-10759.220304730185,-12.504503334803303,-0.0011608636089032792
2026-02-11,692.1199951171875,691.9600219726562,-0.15997314453125,-0.000231134984771194,0.0027378507871321013,0.8486288371466869,0.8227994090183905,-0.0012868042584792177,-0.0023971124392261622,0.00010485161943849311,1250755.8746383518,1249521.7007748084,-1234.1738635434303,4802.213165322644,-1.9038195056779372,1202469.1046951604,-25466.36490457365,-1174113.1277565854,-768.2251407660309,-0.024360709884771875,-455.96988372968326,-467.3247642345511,459.3499130661986,-5.048011656209737,1.8187520837050561,-1235.4234959464563,1.2496324030259984,0.001012525414724134
2026-02-12,691.9600219726562,681.27001953125,-10.69000244140625,-0.015448872914552107,0.0027378507871321013,0.8227994090183905,0.8998635655768199,-0.0009500123476361082,0.007151975931759397,-1.5146835609112022e-05,1249521.7007748084,1192768.5742021725,-56753.126572635956,4841.666108154824,-2.058537839624627,1204000.755783304,-25825.695828011572,-1214113.3021680163,-51757.42251664896,-117.62089173239328,-4142.025593186521,-468.73076330175707,-86.10298997289698,-190.5230134240333,2.5389831767755844,-56759.886785089795,6.7602124538389035,0.00011911612385243287
2026-02-13,681.27001953125,681.75,0.47998046875,0.0007045377823616135,0.0027378507871321013,0.8998635655768199,0.8726533893725072,-0.0011338249053187998,-0.002525253425237045,-4.5149429603251814e-05,1192768.5742021725,1193819.8435594772,1051.2693573047873,4866.441494284698,2.129697446007526,1483882.3615117804,-26716.981173567783,-4267128.176757353,2335.7968695712198,0.24532118027271826,-536.8310299817595,-542.1657259601009,-221.5396675515814,14.40123847604627,-0.465800658730819,1049.441205075366,1.828152229421221,0.001738995069834607
2026-02-17,681.75,682.8499755859375,1.0999755859375,0.0016134588719288595,0.010951403148528405,0.8726533893725072,0.8471666923955483,-0.0009794589021122242,-0.0023653051106976297,1.9406859223710868e-05,1193819.8435594772,1198259.0789360814,4439.235376604134,4904.539108146167,1.846238670514463,1475127.3770021033,-27043.098852217576,-4199875.391887247,5394.8732792364635,1.1169248146065511,1146.3904972033952,-2159.9417591490014,22.237877733841238,28.21498565032337,-2.609946357360575,4430.281859132267,8.953517471867599,0.002016905325420419
2026-02-18,682.8499755859375,686.2899780273438,3.44000244140625,0.0050377133549056145,0.0027378507871321013,0.8471666923955483,0.832280129574693,0.0007132669632249383,-0.0013815545871920243,0.00010485161943849311,1198259.0789360814,1217682.983807164,19423.904871082632,4961.425985568234,1.2056428631944769,1449675.0963598331,-27387.664833141203,-4000582.765384877,17067.317503211136,7.1335578184689075,2464.881583545881,-540.2297971338526,463.5997889003023,-58.857570008737675,1.3428555733944587,19405.187921906592,18.716949176039634,0.0009636038325076705
2026-02-19,686.2899780273438,684.47998046875,-1.80999755859375,-0.0026373655692836515,0.0027378507871321013,0.832280129574693,0.8100103855934947,-0.001896028278486254,-0.0020667542483153722,-7.514725522581207e-05,1217682.983807164,1205819.9071776718,-11863.076629492221,4953.773077243512,-0.2860958234460398,1354733.5263769054,-27047.507437391774,-2981912.1996786175,-8966.317175638203,-0.4686379993548402,-1916.572065539789,-519.2146221627459,-360.70843546220436,-88.49319534521138,3.2523518189943452,-11848.521780328514,-14.554849163707331,-0.0012269034094851267
2026-02-20,684.47998046875,689.4299926757812,4.95001220703125,0.007231785221302383,0.0027378507871321013,0.8100103855934947,0.8086323703186031,0.0019565280945171935,-0.00012788736709457016,4.851714805929885e-06,1205819.9071776718,1233917.7376946905,28097.83051701868,5010.539469544732,0.3193684453992738,1407906.0550457556,-27700.056162304805,-3595467.9149355683,24802.23153805831,3.9126819644975845,4036.027026748271,-531.814477005747,5.822419706909459,-251.4768105068918,7.371818469540534,28072.07419743489,25.756319583790173,0.0009166657748963833
2026-02-23,689.4299926757812,682.3900146484375,-7.03997802734375,-0.010211302238274461,0.008213552361396304,0.8086323703186031,0.8306615433080512,-0.0021619583024639465,0.0020444279422904277,-5.5444550406433084e-05,1233917.7376946905,1193424.889390301,-40492.84830438951,4964.65548889548,-1.641271882576369,1273638.3477874286,-26858.93325774561,-2143216.245062831,-34951.06555515572,-40.67177638390035,-3199.6949095538776,-1503.167917997398,-304.1626931417237,-359.28783825384136,5.875198011231905,-40352.17549247524,-140.67281191427173,-0.0034740162227368558
2026-02-24,682.3900146484375,687.3499755859375,4.9599609375,0.007268513358970143,0.0027378507871321013,0.8306615433080512,0.82831876586356,0.0019315254069157816,-0.00021742258197252062,4.851714805929018e-06,1193424.889390301,1221906.3997301045,28481.510339803528,5041.592665389637,1.1814070568778554,1469183.4571487163,-27960.17343264496,-4332497.134982133,25006.102683119105,14.532023028527195,4227.401825061144,-555.2438963617878,5.981997998782404,-249.30583030920172,6.563653360609241,28456.032455897184,25.477883906343777,0.0008945411813620671
2026-02-25,687.3499755859375,693.1500244140625,5.800048828125,0.008438276037153703,0.0027378507871321013,0.82831876586356,0.8339339808424834,0.0026693642146152856,0.0005211227135207275,4.851714805926416e-06,1221906.3997301045,1254769.4112439216,32863.011513817124,5000.28194858958,-0.9014195105848195,1332304.667820827,-27182.693218712993,-2850496.506053731,29001.879456211584,-15.162131453933572,4750.333371199949,-523.9731019444902,5.782738868397276,-401.4676008120097,14.480271997537269,32831.87300406703,31.138509750097,0.0009475245364231131
2026-02-26,693.1500244140625,689.2999877929688,-3.85003662109375,-0.005554405951797066,0.0027378507871321013,0.8339339808424834,0.8221362137889264,-0.0022645158186994337,-0.0010948974177323045,4.851714805928151e-06,1254769.4112439216,1232553.8301332847,-22215.581110636937,4928.7518121457215,-2.9937408458912103,1180191.0466719596,-26018.967037333758,-1222756.1340793604,-18975.87497304321,-22.187783937265785,-2504.2573868995696,-487.7622045409068,5.496620916529707,-214.09349256656478,9.379543950615979,-22189.29967612037,-26.28143451656797,-0.0011830180982294576
2026-02-27,689.2999877929688,685.989990234375,-3.30999755859375,-0.004801969559279765,0.0027378507871321013,0.8221362137889264,0.8074188967942498,-0.0022107011416542055,-0.0013658476472936665,-9.514818982663681e-05,1232553.8301332847,1212193.6799665396,-20360.150166745065,5002.424765080798,-1.7594145654644393,1280800.7875176077,-26979.031084239614,-2332044.925778972,-16558.013759466357,-9.638146742422393,-2621.3422456655026,-514.5084591673341,-451.6898672904815,-186.35260228586995,7.178844094329815,-20334.366236523638,-25.783930221427,-0.0012663919475181858
2026-03-02,685.989990234375,686.3800048828125,0.3900146484375,0.0005685427688299764,0.008213552361396304,0.8074188967942498,0.7829692306775791,-0.00120573643644611,-0.0022690629653930594,0.00013455359946538958,1212193.6799665396,1213607.4328762973,1413.7529097576626,5071.159774655358,-0.5587478226991003,1374249.4699567417,-27849.18959972214,-3378483.1379736597,1977.8265966826011,-0.042495964041411746,466.66025695792496,-1613.535513630691,570.1420170159306,12.37835765367709,-1.3525793129976993,1412.0766394024038,1.6762703552587936,0.0011856883502691642
2026-03-03,686.3800048828125,680.3300170898438,-6.04998779296875,-0.008814341545397553,0.0027378507871321013,0.7829692306775791,0.7951852967342622,-0.002073583058061043,0.0011337178569123807,5.485285921509944e-05,1213607.4328762973,1177996.5277506623,-35610.90512563498,5127.331862781951,-1.0077266801675435,1363584.9135877043,-28237.06528256032,-3337598.9115336323,-31020.295180330526,-18.442583482317325,-3925.287526284931,-539.9498709450093,237.11850641706857,-320.58881678513916,8.528657421919007,-35578.91681398894,-31.98831164604053,-0.0008982729176129062
2026-03-04,680.3300170898438,685.1300048828125,4.79998779296875,0.007055381465455563,0.0027378507871321013,0.7951852967342622,0.7935575205902594,0.0019105596044931823,-0.00015106654408622577,4.851714805927283e-06,1177996.5277506623,1206531.1353883473,28534.607637685025,5187.572939373089,1.74307960288316,1537506.7774384534,-29172.87037435152,-5261100.672071563,24900.286784125845,20.080174891773392,4409.110282633956,-585.281572569987,6.443140555821627,-248.28136875822594,6.69483934158368,28509.052280220763,25.55535746426176,0.0008955916895283104
2026-03-05,685.1300048828125,681.3099975585938,-3.82000732421875,-0.005575594846225046,0.0027378507871321013,0.7935575205902594,0.7837783099474804,-0.0022175946511086824,-0.0009075643239633835,-6.514798001828505e-05,1206531.1353883473,1182511.668330096,-24019.46705825138,5147.478814853464,-0.511908068720242,1398505.624026408,-28421.64238248868,-3753613.49395149,-19663.406774001087,-3.7349979734382592,-3235.3234533851846,-553.6705084900395,-316.7583967122809,-225.17500468667797,6.807302191650301,-23991.26183305706,-28.20522519432052,-0.001174265237688994
2026-03-06,681.3099975585938,672.3800048828125,-8.92999267578125,-0.013107091790493294,0.0027378507871321013,0.7837783099474804,0.8378259228540765,-0.0013649533080465925,0.005015914582597786,-0.00017514954404417114,1182511.668330096,1128968.8603159254,-53542.8080141705,5214.190441695435,1.1801692186981754,1512933.4006547602,-29285.225395092326,-5038158.491752824,-46562.682454468835,47.05616097482327,-5357.760714967897,-582.0683132997699,-827.8416261192353,-268.62215074276793,5.901455913255779,-53546.01764271042,3.2096285399238695,5.9945091767962894e-05
2026-03-09,672.3800048828125,678.27001953125,5.8900146484375,0.008759949144329562,0.008213552361396304,0.8378259228540765,0.8451284001548772,0.0027730350028533114,0.0006777099008142273,0.0002445551634912696,1128968.8603159254,1165480.5699227492,36511.709606823744,5219.019647175087,6.103372770139565,1780434.4167767828,-29718.214636257082,-7944525.8463258045,30740.102172344374,105.86993583484539,6861.579015037868,-1949.628198849284,1077.8446896322448,-423.6288215464978,5.438987656818334,36417.57778011037,94.13182671337563,0.002578127064633072
2026-03-10,678.27001953125,677.1799926757812,-1.09002685546875,-0.0016070691967515587,0.0027378507871321013,0.8451284001548772,0.8205106030045896,-0.0017508932688544744,-0.002284666446434158,2.4885798500408687e-05,1165480.5699227492,1157017.6969429562,-8462.872979793,5200.379559949847,2.8596833844569325,1596585.3499854929,-29103.36044037068,-5974789.269968993,-5668.553378976094,1.6988786255380308,-2219.1362302317475,-615.2070803613599,99.84552265197743,-55.0385051290207,0.7820357238425579,-8455.608757696862,-7.2642220961370185,-0.0008583635975019326
2026-03-11,677.1799926757812,676.3300170898438,-0.8499755859375,-0.0012551693717041776,0.0027378507871321013,0.8205106030045896,0.796223338033189,-0.0016296999684534462,-0.00225399124938222,5.515679770446997e-05,1157017.6969429562,1150102.5003464501,-6915.196596506052,5256.648231488905,3.353549302876729,1633994.615838789,-29679.086827931053,-6424603.270847345,-4468.022660627105,1.2114000939657183,-2021.7070852870056,-623.4999339633051,242.39997409966006,-40.99021672495446,0.3375640416883101,-6910.270958367058,-4.925638138994145,-0.0007122918445272917
2026-03-12,676.3300170898438,666.0599975585938,-10.27001953125,-0.015184923442316667,0.0027378507871321013,0.796223338033189,0.8737220821664569,-0.0007444179161235793,0.007192308039632805,5.60422700086596e-05,1150102.5003464501,1089274.218534857,-60828.2818115931,5311.2663797165405,3.7389222208856694,1664384.1949453843,-30224.397677216293,-6799090.637811389,-54546.80945536035,197.17823473155812,-6034.060441973164,-630.2804591241064,245.484233267137,-97.53577744984125,3.3433106474538863,-60862.680355261306,34.39854366820509,0.0005655024709517467
2026-03-13,666.0599975585938,662.2899780273438,-3.77001953125,-0.005660180081477343,0.0027378507871321013,0.8737220821664569,0.8605993693707665,-0.002393878800180588,-0.0012178596414405551,-1.3959809001353775e-05,1089274.218534857,1062984.7172246382,-26289.501310218824,5258.036106080962,10.067561458585676,1969058.7577078599,-29982.592536226715,-10035009.009049248,-19822.898815942925,71.54536343215162,-5478.124209729397,-709.5289334411309,-77.54364783747357,-248.31167630378562,-2.0081120444180947,-26266.87003186698,-22.63127835184423,-0.0008608485221835444
2026-03-16,662.2899780273438,669.030029296875,6.74005126953125,0.010176888512803338,0.008213552361396304,0.8605993693707665,0.8772237097586562,0.003586747590227572,0.0015428298659885542,3.812431139927144e-05,1062984.7172246382,1105895.033065013,42910.31584037468,5289.490524081482,12.791017870504785,2097757.175824064,-30312.989727026772,-11432292.030662552,35651.43732200891,290.5370417450481,9587.807764701205,-2211.884099032389,132.3149839438655,-628.9586253385309,-5.5520536822202615,42815.702334345886,94.61350602879247,0.002204912832167267
2026-03-17,669.030029296875,670.7899780273438,1.75994873046875,0.0026305975119209355,0.0027378507871321013,0.8772237097586562,0.8533970547100624,-0.0004877486030709462,-0.002211244125051498,6.041125599481369e-06,1105895.033065013,1114973.50522049,9078.472155477153,5292.514368032098,8.278446270434099,1878373.9077369994,-30037.466058406048,-9112610.640257232,9314.553943005709,12.820910594103365,392.0753173590293,-698.2568954094313,13.654520209327986,32.707406979466796,-1.287243993575627,9066.26795874463,12.204196732523997,0.001344300728527438
2026-03-18,670.7899780273438,661.4299926757812,-9.3599853515625,-0.013953675007322417,0.0027378507871321013,0.8533970547100624,0.9087436932397918,-0.001452179100517303,0.005136471277257054,5.60398858228681e-05,1114973.50522049,1057730.6367192843,-57242.868501205696,5333.4321385742205,7.1941843835333295,1830379.9929308114,-30344.570772234998,-8638851.103662547,-49920.84669060736,315.13882169444815,-6950.127059852388,-686.5716001714732,243.03990027901023,-271.8406055688681,7.21354472244077,-57263.99368950419,21.125188298494322,0.00036904489330490776
2026-03-19,661.4299926757812,659.7999877929688,-1.6300048828125,-0.00246436493788012,0.0027378507871321013,0.9087436932397918,0.8835273263573316,-0.0020732222121265815,-0.0023402169968996522,2.6042060200312175e-05,1057730.6367192843,1044242.4756328652,-13488.161086419132,5274.060800224902,13.50137019676336,2112747.312497277,-29873.98364541772,-11581082.108247645,-8596.744856616591,17.936002695245673,-4139.024842048654,-758.1225158229321,103.82417573651759,-97.5834922795339,-6.760103005478362,-13476.475631341425,-11.685455077706138,-0.0008663490154689737
2026-03-20,659.7999877929688,648.5700073242188,-11.22998046875,-0.01702027989772217,0.0027378507871321013,0.8835273263573316,0.9718839566426742,-0.0006127497938143321,0.008199979360482834,6.604154521617969e-05,1044242.4756328652,977206.1504834907,-67036.32514937455,5319.981444504887,14.92922758458441,2177915.951727663,-30293.599439662255,-12303064.832051404,-59743.28771590229,941.3808182126867,-7960.445789877827,-771.1024671830594,285.0750432367699,103.03273623524886,-0.987296482112556,-67146.33467176057,110.00952238602622,0.001641043451306379
2026-03-23,648.5700073242188,655.3800048828125,6.80999755859375,0.010500019244937805,0.008213552361396304,0.9718839566426742,0.9828114877129098,0.003367684618100048,0.0010141347508114407,-4.1877042818259415e-05,977206.1504834907,1020220.2031166765,43014.05263318587,5101.629405782033,23.485141684809804,2494766.4347862527,-27820.005692003353,-15324130.43233987,34742.08379822573,544.5742491811087,10943.440735687283,-2540.3382631386594,-221.62545692655,-485.9516193069574,-20.878323888949627,42961.30511983301,52.74751335286419,0.001226285600259131
2026-03-24,655.3800048828125,653.1799926757812,-2.20001220703125,-0.003356849752266444,0.0027378507871321013,0.9828114877129098,0.9571049551311287,-0.002364390121015482,-0.0023857070592148977,8.604009563121292e-05,1020220.2031166765,1002798.933086815,-17421.27002986148,5191.514196417841,18.062193114958504,2281125.928068485,-28729.123666021536,-13239980.822054632,-11421.39460509528,43.71099240820808,-5427.495520947232,-815.1807943286028,366.03077720046764,-140.67408574190839,-11.8945702004177,-17406.89780670477,-14.372223156711698,-0.0008249813665752574
2026-03-25,653.1799926757812,656.8200073242188,3.6400146484375,0.005572758947386028,0.0027378507871321013,0.9571049551311287,0.9397741455248695,0.0006745313304849604,-0.0016083940799104801,6.041125599479634e-06,1002798.933086815,1024624.2312270742,21825.29814025911,5223.084051241996,20.18107065825518,2364962.9821868143,-28949.26517295902,-14119132.99391159,19012.10245654115,133.69663295996818,3512.608827130322,-831.718986627656,13.479576182596048,-30.605463711372614,0.39276456802655413,21809.955807043032,15.34233321607826,0.0007029609912992518
2026-03-26,656.8200073242188,645.0900268554688,-11.72998046875,-0.017858744158138685,0.0027378507871321013,0.9397741455248695,1.0307452456243225,-0.0007053577058700792,0.008442616482847887,6.041125599478767e-06,1024624.2312270742,954451.3733595824,-70172.85786749178,5290.822429837245,17.41315206896595,2258233.3247297457,-29630.11558901376,-13094942.921787832,-62061.243765615305,1197.9590562779867,-8801.470614086862,-810.5454283670771,13.635516278868547,135.6523808123486,-1.879005529040505,-70327.8918602291,155.03399273731338,0.002209315644947308
2026-03-27,645.0900268554688,634.0900268554688,-11.0,-0.017051883523328024,0.0027378507871321013,1.0307452456243225,1.100115898222917,-0.0014651872092503568,0.006437976614710961,-0.00012395660465564732,954451.3733595824,888742.5958034435,-65708.77755613893,5025.864295858894,26.6345632303372,2578811.4958993774,-26569.04740480968,-16012766.818641212,-55284.50725444784,1611.3910754354006,-10831.29133748623,-886.9415226860691,-541.2814898683276,30.620461198502106,-0.5502917326437,-65902.56035958721,193.7828034482809,0.00294911594242825
2026-03-30,634.0900268554688,631.969970703125,-2.12005615234375,-0.0033434623831845645,0.008213552361396304,1.100115898222917,1.0703559180346167,-0.002759906620336318,-0.002761889204288992,-7.18772526266051e-05,888742.5958034435,867295.285226074,-21447.31057736941,4678.005841150751,35.89272163007747,2848804.92252536,-22289.152519323543,-18076912.992835052,-9917.635064231648,80.66239687983587,-8287.313178696419,-2815.8621665383453,-327.4893780554723,-115.58820042697128,-34.04421171725975,-21417.269802786283,-30.04077458312895,-0.0014006779299791142
2026-03-31,631.969970703125,650.3400268554688,18.37005615234375,0.02906792569891472,0.0027378507871321013,1.0703559180346167,1.290013514746897,0.019925338334412967,0.020385428389438603,2.6039676014520674e-05,867295.285226074,1008257.7832706189,140962.49804454483,4665.643177879378,39.48272381050402,2935870.9963661553,-21692.812428242403,-18777455.971031144,85708.12716444371,6661.8995175488835,59465.248069837384,-955.5372781440122,92.29386803247948,-6810.094291148236,-1961.8818253333543,142200.05522523687,-1237.5571806920343,-0.008779336333135643
2026-04-01,650.3400268554688,655.239990234375,4.89996337890625,0.007534463782890017,0.0027378507871321013,1.290013514746897,1.2667220753712338,0.0010312848995453984,-0.002161573178374787,5.6042270008657864e-05,1008257.7832706189,1036105.7433026597,27847.960032040835,4802.575189075952,19.87967680075564,2289507.98305172,-24401.863522887652,-12878337.606524467,23532.442550915923,238.65195273041337,4779.039139086548,-882.1767599241197,218.92901861514375,-54.513722325129365,-0.4086033763877992,27831.963575722388,15.9964563184476,0.0005744211173832003
2026-04-02,655.239990234375,655.8300170898438,0.59002685546875,0.0009004744280911507,0.0027378507871321013,1.2667220753712338,1.2283684897624574,-0.0017727343558252844,-0.0035594228681743723,2.604206020030697e-05,1036105.7433026597,1035725.9972538291,-379.746048830566,4888.732489052079,16.765198963121257,2164163.3419081066,-25263.4160938181,-11722415.64118366,2884.483457743313,2.9182485255702577,-2529.534486611393,-855.4289937172147,96.18444650328927,28.02940771613741,-11.036934929006442,-384.38485476930396,4.63880593873796,0.012215547608785494
2026-04-06,655.8300170898438,658.9299926757812,3.0999755859375,0.004726797348638019,0.010951403148528405,1.2283684897624574,1.197606166352514,-0.0003569073581458088,-0.0028549121466878713,0.00018416244246139985,1035725.9972538291,1050124.8007157308,14398.80346190161,4955.020798998612,16.74548882396556,2166168.663336019,-25854.58522901368,-11808406.607113112,15360.443504708222,80.46080644537176,1520.093984007437,-3413.9788760329693,725.571609819065,65.66239368021401,-3.0717900399251112,14335.181632587413,63.621829314197385,0.0044185497414793535
2026-04-07,658.9299926757812,659.219970703125,0.28997802734375,0.00044007410584879884,0.0027378507871321013,1.197606166352514,1.1611818766656228,-0.0018653356535504437,-0.0033803736367965798,-7.395784443225712e-05,1050124.8007157308,1047694.6747805031,-2430.12593522761,5061.130798101119,15.108665269425092,2092167.835550441,-26682.444746370158,-11164289.698259324,1467.6167249620614,0.6352231047491141,-2730.430829577952,-845.0904483180643,-328.1316119950285,14.997324407826428,-10.039914251361978,-2430.4435316677695,0.3175964401593774,0.0001306913504174551
2026-04-08,659.219970703125,676.010009765625,16.7900390625,0.025469554638327657,0.0027378507871321013,1.1611818766656228,1.3114339548577862,0.015853049202867155,0.013944216026194195,-0.0001439338629521487,1047694.6747805031,1159924.0348066313,112229.36002612812,5125.730899805832,15.246004963198832,2102268.411535367,-27250.97245628191,-11325994.899214039,86061.2220316032,2148.965653119968,32794.52695368438,-844.2089790341147,-630.9625177372532,-6807.62724748209,-456.5689102081366,112265.34698394597,-35.986957817847724,-0.0003206554667109355
2026-04-09,676.010009765625,679.9099731445312,3.89996337890625,0.0057690911710884,0.0027378507871321013,1.3114339548577862,1.2807557147772377,0.00015962677276041052,-0.0028471087530616834,-0.00011375812360742924,1159924.0348066313,1179913.7033230793,19989.668516448,4911.913008317684,5.123551777745224,1584982.783298859,-24806.90877877245,-5917377.866433356,19156.2808528122,38.963879515915096,1999.3656558852304,-733.5779641236547,-498.8796722994533,4.044326674477988,0.0409415566690456,19966.238020021385,23.43049642661572,0.0011721303135835653
2026-04-10,679.9099731445312,679.4600219726562,-0.449951171875,-0.0006617805145496109,0.0027378507871321013,1.2807557147772377,1.2418649405077948,-0.0022965604260861586,-0.003609276918922183,5.6239091663564354e-05,1179913.7033230793,1174958.0915380842,-4955.611784995068,4937.833880052074,3.3431936072894466,1491632.7121237726,-24847.99917028318,-5001643.189516187,-2221.784140853509,0.33842489787954366,-2225.40679514543,-703.2572005656532,220.6349319523365,-25.76456401036631,-0.8385627154887381,-4956.077906440231,0.46612144516348053,9.40593140436937e-05
2026-04-13,679.4600219726562,686.0999755859375,6.63995361328125,0.009772397784351856,0.008213552361396304,1.2418649405077948,1.2318022701331734,0.0025131098675354284,-0.0009338709400388279,0.00011872089895310477,1174958.0915380842,1212034.2662002286,37076.17466214439,5004.018034875571,3.4548640788893827,1508811.8606797336,-25438.63420781664,-5226594.293886535,33226.44763159659,76.1607235248902,5664.121538227752,-2115.7211786153225,452.96062150337394,-362.7333133098574,6.3142973805212534,36947.55032030794,128.62434183644655,0.0034691912800749345
2026-04-14,686.0999755859375,694.4600219726562,8.36004638671875,0.012184880752370194,0.0027378507871321013,1.2318022701331734,1.2374195058504158,0.004245116137020455,0.0005213102491075094,9.624096086523377e-05,1212034.2662002286,1259462.2767462204,47428.01054599183,4992.172470834414,0.5190203174125223,1336564.7858065173,-24840.448691002573,-3520466.5955112088,41734.79342667606,18.137262460905237,6697.305713271411,-658.2487375770012,392.77822364443443,-821.4581921585782,21.285834258236108,47384.59353057546,43.41701541636576,0.0009154298254670301
2026-04-15,694.4600219726562,699.9400024414062,5.47998046875,0.007890994867038969,0.0027378507871321013,1.2374195058504158,1.217998784713408,0.0015137907576336209,-0.0018023493197383,6.240331440178493e-06,1259462.2767462204,1288494.947467517,29032.670721296687,4897.735576972179,-2.5333429348792365,1132390.7874133685,-23427.509566692825,-1471467.1534017045,26839.495302909552,-38.03837968942091,2951.499451413087,-594.6749166537935,7.791577303506326,-175.33782400126537,5.1379856685340215,28995.873196950204,36.79752434648253,0.001267452267816684
2026-04-16,699.9400024414062,701.6599731445312,1.719970703125,0.002457311622604372,0.0027378507871321013,1.217998784713408,1.18271635400875,-0.00111801886236528,-0.0032744028674648873,-1.3760603160654916e-05,1288494.947467517,1296519.301803642,8024.354336124845,4856.719220543379,-4.372496956869856,1007724.8399985279,-22640.073970172125,-264990.6600004216,8353.414772638698,-6.467577167623896,241.15609923251577,-550.5206498146208,-77.08101354677972,44.87544773752809,1.6450587151007516,8007.022137794818,17.332198330026586,0.0021599492749215664
2026-04-17,701.6599731445312,710.1400146484375,8.48004150390625,0.012085685130224025,0.0027378507871321013,1.18271635400875,1.1908435117625988,0.00435466399916907,0.0007542447649455386,-9.375957319238647e-05,1296519.301803642,1340563.0007451703,44043.69894152833,4884.109859139155,-5.1762877719408,967075.3283147202,-22697.444014392502,100368.15473341616,41417.45431513774,-186.11628391280135,4451.426846092716,-532.8398067918841,-417.04319734895546,-801.3948098166753,44.79231018119265,43976.279373541336,67.41956798699539,0.001530742639860936
2026-04-20,710.1400146484375,708.719970703125,-1.4200439453125,-0.0019996675529057577,0.008213552361396304,1.1908435117625988,1.1558059706520283,-0.002657478210498089,-0.0032516757714831923,-1.2775560945046949e-06,1340563.0007451703,1331699.210162112,-8863.79058305826,4750.073497378452,-7.194936064071669,793803.663010244,-20857.48206644176,1734030.4564635293,-6745.313109741642,-7.254383527617983,-558.0254561459387,-1410.8907637215207,-62.77783225927147,-79.01238152497278,17.75878215272711,-8845.515144768236,-18.275438290023885,-0.002061808446259381
2026-04-21,708.719970703125,704.0800170898438,-4.63995361328125,-0.006546949154936224,0.0027378507871321013,1.1558059706520283,1.1342805507274694,-0.003378841057386772,-0.001997676898010753,6.240331440180227e-06,1331699.210162112,1306238.3589635002,-25460.85119861178,4845.309073789284,-7.405000509135373,812609.0732216602,-21602.882463553913,1489109.2880262139,-22482.009344393016,-79.71175567805078,-2093.808002241177,-476.39736711319705,7.340722684986041,-330.3306732902956,31.303165519578005,-25423.613254511176,-37.23794410060509,-0.0014625569196459324
2026-04-22,704.0800170898438,711.2100219726562,7.1300048828125,0.010126696838070721,0.0027378507871321013,1.1342805507274694,1.1322574640314704,0.0031917702549347352,-0.00018775352905700537,-2.3759878368174135e-05,1306238.3589635002,1343726.0126142576,37487.65365075739,4960.881706321269,-6.525109421827107,905752.7708441021,-22899.442321366532,570939.050112145,35371.11078912586,-165.85839475143513,3325.8634068378087,-509.71683244798527,-120.21081285772445,-494.8855880758078,27.199296506664314,37433.501864337384,54.15178642000683,0.0014445232268868009
2026-04-23,711.2100219726562,708.4500122070312,-2.760009765625,-0.0038807239498252085,0.0027378507871321013,1.1322574640314704,1.1026784484380412,-0.002938674671377473,-0.002745094698453604,6.240331440178493e-06,1343726.0126142576,1328536.8924002254,-15189.120214032242,4850.482504979998,-8.326633970977422,756691.749549075,-21321.91284691728,1962232.655655214,-13387.379081738009,-31.7147078978621,-1160.3440922913796,-453.66091271856857,7.311593288503499,-169.29875324931754,24.653495675071227,-15170.432458931562,-18.68775510068008,-0.00123033821823437
2026-04-24,708.4500122070312,713.9400024414062,5.489990234375,0.007749297960024106,0.0027378507871321013,1.1026784484380412,1.0888367912494974,0.0017692324011706992,-0.0012845816199009708,-1.3760603160647977e-05,1328536.8924002254,1356986.925288871,28450.03288864554,4945.66138118753,-8.09043819079244,806442.1753414546,-22282.8786786399,1465461.2617064803,27151.632685245117,-121.92287430259924,2119.283200618307,-470.1893381481569,-77.57881221266209,-202.96545637663,9.681946745880845,28407.941351569258,42.091537076281384,0.001479489926814116
2026-04-27,713.9400024414062,715.1699829101562,1.22998046875,0.001722806488702033,0.008213552361396304,1.0888367912494974,1.0566696730520386,-0.0013394884034497875,-0.002985284799267962,-1.1279215487809344e-05,1356986.925288871,1362354.6387743894,5367.71348551847,4870.948203522952,-9.518042848021782,692705.9193592917,-21116.422061244295,2497256.1543879104,5991.171154626131,-7.199694858094018,675.0864242427497,-1274.2569182622346,-105.03034714631339,36.13615416436749,5.094829340873467,5321.001602107481,46.711883410989685,0.008702380173050119
2026-04-28,715.1699829101562,711.6900024414062,-3.47998046875,-0.00486594872814618,0.0027378507871321013,1.0566696730520386,1.0327512636978466,-0.0029912051246391473,-0.00221975942729552,6.240331440180227e-06,1362354.6387743894,1343588.9540515908,-18765.684722798644,4917.129162500202,-10.39979202910375,657584.1579328617,-21185.53574685433,2737044.8158603716,-17111.513447821748,-62.97211383574815,-978.6037157186629,-408.37112185046584,7.4228456545214385,-214.7314861238912,29.30562402241881,-18739.463415673577,-26.221307125066232,-0.0013973008452609068
2026-04-29,711.6900024414062,711.5800170898438,-0.1099853515625,-0.0001545410939948607,0.0027378507871321013,1.0327512636978466,1.0012980308443618,-0.0018360001028246118,-0.002919032328260046,6.240331440177625e-06,1343588.9540515908,1342570.555692498,-1018.3983590926509,5026.132339142617,-10.063616354590447,720443.2340933252,-22326.85494027331,2125023.1810293477,-552.8009323202511,-0.06086866423690975,-53.17994543666782,-431.2247074209748,7.785168813507063,-4.4578782437779445,10.198566319207446,-1023.7405969531942,5.342237860543264,0.005245725125974248
2026-04-30,711.5800170898438,718.6599731445312,7.0799560546875,0.00994962742720414,0.0027378507871321013,1.0012980308443618,1.0062540905034791,0.003509129605033933,0.00045994948859912066,-4.375842878321431e-05,1342570.555692498,1379588.452887544,37017.897195045836,5078.2300874441025,-10.538034199164962,715258.8754104031,-22680.720008871525,2132667.1862399853,35953.64585469611,-264.1135800224681,2393.1309733134776,-425.85433824224225,-207.3504893315543,-535.0171718799926,40.33304610780348,36954.77429464113,63.12290040470543,0.0017051995166584791
2026-05-01,718.6599731445312,720.6500244140625,1.99005126953125,0.002769113828370996,0.0027378507871321013,1.0062540905034791,0.9783985020337665,-0.0006890466236806686,-0.0025851512194171866,-9.37595731923882e-05,1379588.452887544,1389320.1589612146,9731.706073670648,4936.108808900455,-11.981713138281567,575242.3662374346,-20775.30117111721,3385163.4110527574,9823.109601696737,-23.725613565865952,668.1484624600234,-369.4611757074422,-417.35758679546893,28.92559829211767,1.5345695616950226,9711.173855941794,20.532217728854448,0.002109827153987401
2026-05-04,720.6500244140625,718.010009765625,-2.6400146484375,-0.0036633796697419273,0.008213552361396304,0.9783985020337665,0.9536569768396129,-0.0027681360178305877,-0.002296149086760485,0.00016871965917649844,1389320.1589612146,1375824.7854079932,-13495.373553221347,4935.740962693031,-12.79454934979631,531181.7638349752,-20483.183660311326,3737839.685867641,-13030.42844240261,-44.58694036475602,120.11329484130601,-1042.2064726401275,659.4442570636627,-147.87945866822832,29.052276236185712,-13456.49148593457,-38.88206728677687,-0.002881140498515191
2026-05-05,718.010009765625,723.77001953125,5.760009765625,0.008022185884992327,0.0027378507871321013,0.9536569768396129,0.9489762150010277,0.0023799398527906105,-0.00043440034260908145,0.00010624023607274779,1375824.7854079932,1406061.4330304263,30236.647622433025,5056.433723867163,-13.078890903741296,565990.9641465847,-21475.862130045076,3335850.815814466,29125.107628710444,-216.9638411122206,1465.5804275739347,-360.4099368435432,436.23069053935774,-276.17267887228917,19.867422886005908,30193.239712881692,43.40790955133343,0.001435605894323035
2026-05-06,723.77001953125,733.8300170898438,10.05999755859375,0.01389943944501751,0.0027378507871321013,0.9489762150010277,0.9913642537119053,0.0069443086643626315,0.003933842219175282,6.2403314401758905e-06,1406061.4330304263,1454766.5135180536,48705.0804876273,4941.225660601536,-14.19496968385403,455413.0214370636,-19882.74102012141,4266486.667188473,49708.718082112246,-718.2906683122688,1029.730867282129,-312.9067239489734,7.330492504013561,-1316.2852242451877,178.00745691877313,48576.30428231073,128.77620531657158,0.002643999435526751
2026-05-07,733.8300170898438,731.5800170898438,-2.25,-0.003066105157326277,0.0027378507871321013,0.9913642537119053,0.9646654238417333,-0.0025851593044259246,-0.002477797683970412,-1.3758218974859945e-05,1454766.5135180536,1444309.3522402656,-10457.161277787993,4684.2268364059355,-14.718462082506264,306672.3871756154,-16922.22624780114,5413547.21507787,-10539.510381913355,-37.256107146343986,520.8618665788263,-246.76257282202317,-75.99427176808281,-93.79922791872715,26.33034461447158,-10446.130350375233,-11.03092741275941,-0.0010548682495879788
2026-05-08,731.5800170898438,737.6199951171875,6.03997802734375,0.008256073001242177,0.0027378507871321013,0.9646654238417333,0.9607792001743725,0.002504922621833057,-0.0003606628473682705,-2.3759878368175003e-05,1444309.3522402656,1472945.0030354038,28635.65079513821,4769.3194236055515,-15.064838973454602,328885.13403526694,-17660.40171819509,5225435.915892263,28806.58452396129,-274.7927154228769,654.519633579016,-254.88676356968773,-118.00757678783552,-250.8622942731913,23.516319109150917,28586.071126595863,49.579668542344734,0.0017313966040807575
2026-05-11,737.6199951171875,739.2999877929688,1.67999267578125,0.0022775855954316223,0.008213552361396304,0.9607792001743725,0.9334948211605809,-0.000752344256902889,-0.002532139852483656,6.871975454393088e-05,1472945.0030354038,1482338.0998889576,9393.096853553783,4645.779656735297,-15.657337693391977,240470.47904191702,-16074.55004801805,5835622.6856426485,7804.875796608829,-22.09544229468732,1974.9139442018886,-630.6951354180871,224.38637220689543,7.669512219516473,-1.6672588919159192,9357.387788632437,35.709064921346,0.003801628523380533
2026-05-12,739.2999877929688,738.1799926757812,-1.1199951171875,-0.0015149399914519408,0.0027378507871321013,0.9334948211605809,0.9059645594567363,-0.0020547675179138905,-0.002554959113211741,3.624054124852765e-05,1482338.0998889576,1478190.9303774536,-4147.169511504006,4648.336487209913,-16.48948348069452,206627.5619856245,-15706.810810771012,5988644.351660781,-5206.114168719599,-10.34211386242539,1155.8556876790053,-194.68730722959052,129.36784233704634,-30.891158461750578,12.17456091249615,-4144.636657344817,-2.5328541591889007,-0.0006107428577884051
2026-05-13,738.1799926757812,742.3099975585938,4.1300048828125,0.0055948480367801765,0.0027378507871321013,0.9059645594567363,0.890948362231998,0.0010418355593929418,-0.0013935853700864642,-2.3759878368168064e-05,1478190.9303774536,1497863.0285840875,19672.098206633935,4703.362909097701,-17.002748298670863,210972.63207853585,-16090.35373921813,5936827.361070413,19424.91178021271,-145.00743160569004,743.7095491901343,-196.59735781837796,-117.16094457519344,-74.52402384365874,6.6574666125971325,19641.989038172524,30.109168461411173,0.0015305519596917013
2026-05-14,742.3099975585938,748.1699829101562,5.8599853515625,0.007894256268722753,0.0027378507871321013,0.890948362231998,0.889035692527527,0.002537565444437054,-0.0001775062273134953,-0.00011375812360742837,1497863.0285840875,1523998.5517657388,26135.523181651253,4623.167369132763,-17.482365916168398,153289.22390852962,-15013.22534086838,6287399.610109074,27091.693060939735,-300.1672256257452,134.7636204015571,-166.27778667764588,-484.49926364387454,-219.8885696242413,31.260225847070284,26086.88406161686,48.63912003439327,0.0018610348718230722
2026-05-15,748.1699829101562,739.1699829101562,-9.0,-0.012029351892724574,0.0027378507871321013,0.889035692527527,0.9207153544014057,-0.0023779206120222223,0.0029400461818650248,6.24033144017936e-06,1523998.5517657388,1482628.4594486204,-41370.09231711831,4493.193113411521,-17.64972687007454,86983.87411552994,-13496.403874324957,6641960.548523827,-40438.73802070369,-714.813938238019,215.41029466178497,-129.41020037697228,5.844669839119872,-250.86323532420755,16.835242133152377,-41295.73518800883,-74.35712910947768,-0.0017973643505433958
2026-05-18,739.1699829101562,738.6500244140625,-0.51995849609375,-0.0007034356211904634,0.008213552361396304,0.9207153544014057,0.89286500363277,-0.0019197149796589096,-0.0025846651320620417,-0.00018127881494460398,1482628.4594486204,1480833.6011470233,-1794.8583015971817,4688.843840609155,-17.165468954069382,202047.19114046753,-15771.465770851526,5905390.457266436,-2438.0041917815793,-2.32040095168719,2043.714985013829,-581.7417401616343,-800.9396900233913,-11.092899512035405,2.502584102243482,-1787.8813533142552,-6.976948282926514,-0.003887186123115107
2026-05-19,738.6500244140625,733.72998046875,-4.9200439453125,-0.0066608593822430956,0.0027378507871321013,0.89286500363277,0.8839233077452653,-0.002814336674358109,-0.0008298383662715958,7.62400262643995e-05,1480833.6011470233,1457921.2226745628,-22912.378472460434,4746.5771343225115,-17.984920167965466,199283.36483366578,-16008.190219157319,5833430.946265848,-23353.36809068223,-217.67897433073617,761.5206129997414,-191.18676018361214,294.96687425793266,-194.65255932915332,24.92804524155696,-22875.470852026494,-36.90762043393988,-0.0016108157639898035
2026-05-20,733.72998046875,741.25,7.52001953125,0.010249028568310331,0.0027378507871321013,0.8839233077452653,0.8993370789365365,0.004328135759822403,0.001430482412326628,-0.00017376092740991386,1457921.2226745628,1492921.043711515,34999.82103695208,4885.577607484288,-18.053487705413826,263217.52659908286,-17439.384806329996,5336874.890389539,36739.63902971949,-510.4686271775671,114.09551768921301,-224.3546205475881,-743.073374327072,-544.2538970553717,82.91921321259073,34914.5032415137,85.31779543837911,0.0024376637625747387
2026-05-21,741.25,742.719970703125,1.469970703125,0.0019830970699831365,0.0027378507871321013,0.8993370789365365,0.8735478921123644,-0.0007414284676955563,-0.0023933778257377303,0.00025624128511449185,1492921.043711515,1501842.4964002213,8921.45268870634,4691.49623694079,-18.20454683404838,167557.25578113133,-15263.862697495062,5983490.936396692,6896.362022124145,-19.668318630250564,1166.385572435551,-174.76719544348586,1028.5292634243538,11.191893779276064,0.6090781913860024,8908.642315880976,12.810372825364539,0.0014359066031456042
2026-05-22,742.719970703125,745.6400146484375,2.9200439453125,0.003931554368395569,0.0027378507871321013,0.8735478921123644,0.8534124069163068,0.00019387391759862854,-0.0018686833403193936,3.624054124852765e-05,1501842.4964002213,1516253.7966410264,14411.30024080514,4678.957134391851,-18.806742217069704,137639.577306838,-14879.444048588193,6148221.204246767,13662.760450657648,-80.17931672500967,852.7631938360012,-159.20080743964732,128.97984838948034,-15.531581869352493,0.6253322372116887,14390.217119086334,21.08312171880607,0.0014629576350862414
2026-05-26,745.6400146484375,750.5900268554688,4.95001220703125,0.0066386085909903,0.010951403148528405,0.8534124069163068,0.8461244852380826,0.0017596697488028677,-0.0006763590592948066,-5.038884047632586e-06,1516253.7966410264,1539790.4582948461,23536.661653819727,4626.217797839018,-19.283351217001428,95927.59377362952,-14102.604894294287,6374100.364186291,22899.834571688367,-236.24632179145647,1523.9567291915537,-541.4089121630831,-96.53862025055031,-157.78506646887112,29.56233680722677,23421.37471701319,115.28693680653669,0.004898185583928252
2026-05-27,750.5900268554688,750.4600219726562,-0.1300048828125,-0.00017320358406192003,0.0027378507871321013,0.8461244852380826,0.820361204512779,-0.0015629127929871589,-0.0023909735978337454,3.6240541248526784e-05,1539790.4582948461,1540597.3117981786,806.8535033324733,4530.891108187682,-19.844699904896547,38394.32482440607,-12724.03177010451,6567047.771574009,-589.0379675561379,-0.16770031116628115,1361.9852228545228,-100.55058509603647,126.39879957285572,-1.925612813811816,5.619765368060992,802.3219220182871,4.531581314186269,0.0056163619485692165
2026-05-28,750.4600219726562,754.5999755859375,4.13995361328125,0.005516554502662226,0.0027378507871321013,0.820361204512779,0.8088630325661373,0.0012353807915016573,-0.0010670933504509927,5.623909166357216e-05,1540597.3117981786,1559622.6758675673,19025.364069388714,4555.809358302807,-20.435800228042034,29903.131027863594,-12750.762872528403,6587194.735894288,18860.839414326238,-175.12679630442986,262.03546503299367,-94.63360815014228,207.1693928378657,-68.62064927486824,8.225988383767834,18999.889206851425,25.474862537288573,0.0013389947464015643
2026-05-29,754.5999755859375,756.47998046875,1.8800048828125,0.0024913927161907203,0.0027378507871321013,0.8088630325661373,0.7870401635698328,-0.0004279528753078718,-0.0020252818014711294,-1.3758218974860813e-05,1559622.6758675673,1568784.5364334525,9161.860565885203,4462.260789015983,-20.563705826431708,-13667.895757130347,-11646.18403106969,6763089.382423146,8389.072071732808,-36.340369705108586,933.1345537816278,-67.02548324562193,-73.76816052658536,2.8078195010231455,-0.24739987407233488,9147.63303166407,14.227534221132373,0.001552908835363588
2026-06-01,756.47998046875,758.5399780273438,2.05999755859375,0.0027231355908682213,0.008213552361396304,0.7870401635698328,0.7665217468664779,-0.0002812173852204092,-0.0019042214821223813,0.00033871925863327747,1568784.5364334525,1580786.5682496005,12002.031816147966,4431.838011900332,-20.951978191278236,-37536.45724555338,-11139.912581910305,6838519.818145558,9129.575484597663,-44.45580195259816,1759.0626572859178,-151.940512701673,1287.988764910153,-10.313360875834638,-1.3774443004642796,11968.539786963165,33.49202918480114,0.0027905299450831115
2026-06-02,758.5399780273438,759.5700073242188,1.030029296875,0.0013579103629497425,0.0027378507871321013,0.7665217468664779,0.7440559642921656,-0.0008753155970636654,-0.0020849477037720027,-1.3758218974854741e-05,1580786.5682496005,1586348.1993654752,5561.631115874741,4401.551755246066,-21.577804037422457,-65349.771206158795,-10479.046029263425,6858208.178334735,4533.727259615028,-11.44659728800542,1129.310268991006,-31.69149593841686,-73.276531126213,4.939048613460475,0.7284552165953952,5552.290408083455,9.34070779128615,0.0016794907099510195
2026-06-03,759.5700073242188,754.239990234375,-5.33001708984375,-0.007017150543661025,0.0027378507871321013,0.7440559642921656,0.7455660224653962,-0.0024158662011448022,0.00014014167146970957,5.623909166356522e-05,1586348.1993654752,1564163.9399770591,-22184.259388416074,4390.49516948701,-22.017982969364294,-80853.20268855302,-10168.467504075517,6887687.788330652,-23401.414286242194,-312.7553437855284,1463.598969562046,-20.122114511956394,203.00261425235263,-95.81207703102929,13.751588435753703,-22149.75064932056,-34.50873909551592,-0.0015555506492831266
2026-06-04,754.239990234375,757.0900268554688,2.85003662109375,0.0037786867018389206,0.0027378507871321013,0.7455660224653962,0.7298564255067544,0.00034721062110504254,-0.001457936664247525,-2.3759878368174135e-05,1564163.9399770591,1577354.8202101626,13190.88023310341,4535.574756176632,-22.624609881501065,-38553.70224684605,-11509.623944496057,6700748.025053259,12926.554152811757,-91.88655822960183,514.5588363066554,-47.99044048173027,-113.80729840802783,-17.042265048818305,1.0960115306992197,13171.482438480934,19.397794622474976,0.001470545883192457
2026-06-05,757.0900268554688,737.5499877929688,-19.5400390625,-0.025809399634622667,0.0027378507871321013,0.7298564255067544,0.9948622355758425,0.006071551275676798,0.024593991033347848,5.6241475849359325e-05,1577354.8202101626,1479788.0411380115,-97566.77907215105,4472.182975650919,-22.818774359298132,-67724.38691213785,-10715.551691773215,6787409.221225148,-87386.63003886644,-4356.253791241323,-7342.431822971412,-27.199467134654483,204.58453513130598,877.1106710925906,124.61825664237801,-97906.20165734754,339.4225851964875,0.0034788745557079734
2026-06-08,737.5499877929688,739.219970703125,1.66998291015625,0.0022642301373408964,0.008213552361396304,0.9948622355758425,0.9664493204654884,-0.0009004963525400795,-0.0026368741850344712,4.872120412888984e-05,1479788.0411380115,1488556.581824354,8768.5406863424,4824.604934689823,-18.834076049859366,218850.8144388399,-15717.281025862967,5105510.141493851,8057.007789187514,-26.26263982521059,1148.0240208660464,-657.6255312155406,142.9379884644489,27.222661874122746,2.805678694298203,8694.10996804568,74.43071829672044,0.00848838147180538
2026-06-09,739.219970703125,737.0499877929688,-2.16998291015625,-0.002935503633772535,0.0027378507871321013,0.9664493204654884,0.9403000451207743,-0.002612205117162492,-0.002426796013222432,7.62754017980833e-05,1488556.581824354,1479098.954469975,-9457.627354378812,4838.554606393612,-19.8969842978731,180281.89288185863,-15329.039323281891,5266531.761979679,-10499.58080573194,-46.84571680414744,1048.8079617217759,-188.1636324592429,291.7402737294172,-81.00553169890493,24.294624325586916,-9450.752826917456,-6.874527461355683,-0.0007268765414163656
2026-06-10,737.0499877929688,725.4299926757812,-11.6199951171875,-0.01576554549845737,0.0027378507871321013,0.9403000451207743,1.0058470815792222,-0.0018524002997848583,0.006083124088869324,6.314735513807297e-06,1479098.954469975,1418058.0765452902,-61040.8779246849,4930.425457135471,-20.525460961534147,197514.64981340407,-16020.625504961785,5093733.478771582,-57291.51973757112,-1385.7178609481534,-1747.0132676266176,-193.97350620595014,12.502711314247207,-353.8759428841022,15.320645978296431,-60944.276957943395,-96.60096674150554,-0.001582561883541327
2026-06-11,725.4299926757812,737.760009765625,12.33001708984375,0.016996839411565996,0.0027378507871321013,1.0058470815792222,1.0743319140797931,0.010197177667526095,0.006355767656566702,-0.00011566567929213994,1418058.0765452902,1477884.1227869587,59826.04624166852,5203.193526149434,-18.59592720821955,388413.6309531962,-19240.527939881817,3576923.7977220328,64155.46509918688,-1413.5630974679364,-491.2052696404171,-309.00676075943244,-498.456738389144,-2236.1442869528223,342.1338238118618,59549.22276978898,276.82347187953565,0.004627139670258363
2026-06-12,737.760009765625,741.75,3.989990234375,0.005408249541260116,0.0027378507871321013,1.0743319140797931,1.0515440063076489,0.0005925715945044512,-0.0021148426869235792,-4.5663600282125696e-05,1477884.1227869587,1497182.1564490588,19298.03366210009,4825.028788867502,-18.422353488506968,221107.9496516867,-15399.58279549702,4900209.494393977,19251.817748159567,-146.64213706294316,604.6431212412638,-220.04467781331462,-202.692238334347,-30.232054855385456,1.1522907837504262,19258.002052118587,40.0316099815027,0.002074388027424878
2026-06-15,741.75,754.8300170898438,13.08001708984375,0.01763399675071621,0.008213552361396304,1.0515440063076489,1.1215813301775042,0.010679020014780804,0.006499847361104399,1.3005479823780496e-05,1497182.1564490588,1552898.0617470574,55715.90529799857,4753.5098659490295,-19.08925061821937,162941.40149584832,-14401.376798197849,5261499.500258395,62175.99028335418,-1632.9598506058705,-3301.3172064613136,-532.3837270357195,-9.038983497700407,-1751.0564438484987,353.5356330247341,55302.769704929815,413.13559306875686,0.007415038683461857
2026-06-16,754.8300170898438,750.3300170898438,-4.5,-0.00596160711433974,0.0027378507871321013,1.1215813301775042,1.0991086955344154,-0.003528931355316812,-0.0020855836132941674,0.0001243359991746516,1552898.0617470574,1534745.3287157954,-18152.733031261945,4421.971826615033,-18.2619553021354,42449.6871234111,-11076.680610089881,5829880.966085596,-19898.873219767647,-184.90229743412092,1705.1665775188285,-91.0002517256437,456.70230894438794,-158.43281643525702,40.78876225228359,-18130.55093664717,-22.18209461477454,-0.0012219699687409816
2026-06-17,750.3300170898438,740.9600219726562,-9.3699951171875,-0.01248783189233058,0.0027378507871321013,1.0991086955344154,1.1173641082669292,-0.003502626018423028,0.0016942023155510078,0.00017433475939804873,1534745.3287157954,1492082.9134205407,-42662.41529525467,4551.308274229035,-18.9191530995109,71925.88905868353,-12097.49346732782,5667883.818572789,-42645.736306341125,-830.5206307932441,681.5236409556592,-109.2776082300238,656.5416604026225,-373.57182892220817,42.91370863025796,-42578.12736429806,-84.2879309566124,-0.001975695243067678
2026-06-18,740.9600219726562,746.739990234375,5.77996826171875,0.007800647930141701,0.0027378507871321013,1.1173641082669292,1.1030760083459459,0.0020462721945823203,-0.0013260139513493197,0.00011433433978135388,1492082.9134205407,1519643.8196608615,27560.906240320764,4781.81512759125,-18.80970892112343,172020.97824068926,-14367.99809254788,5029364.013008149,27638.739670884017,-314.1976891800349,69.5988386457143,-180.65807452440947,432.33544985936305,-147.90268558165442,12.297799546178638,27510.21330964917,50.692930671593786,0.001839305653797101
2026-06-22,746.739990234375,744.3900146484375,-2.3499755859375,-0.0031469796939627226,0.010951403148528405,1.1030760083459459,1.072788715086144,-0.003003090794752199,-0.0028108267462579606,0.00023734138363100832,1519643.8196608615,1510782.9458174894,-8860.873843372101,4657.648003724582,-19.273079277640583,99644.94310139178,-12900.734109530737,5447836.8887082245,-10945.359096643302,-53.21668440584807,1827.6016027464202,-502.6555594803139,848.7466879735136,-94.31525467573294,36.10950079883458,-8883.08880368643,22.2149603143298,0.0025070845953806807
2026-06-23,744.3900146484375,733.5800170898438,-10.80999755859375,-0.014521954010491563,0.0027378507871321013,1.072788715086144,1.1112489538293286,-0.003090521376565876,0.0035693208633565676,0.00010433506457382512,1510782.9458174894,1457503.770896838,-53279.17492065136,4785.6340355316515,-20.61344057610971,100783.79950836347,-13451.611177044362,5293739.93355776,-51732.69224042031,-1204.4025926313177,-120.32974443315652,-109.65253527889625,391.48692174538957,-427.127882410629,34.36223200951558,-53168.3558414194,-110.81907923196559,-0.0020799698831111472
2026-06-24,733.5800170898438,733.239990234375,-0.34002685546875,-0.0004635170636431143,0.0027378507871321013,1.1112489538293286,1.077467177492995,-0.0022751683640720092,-0.0031351339206101003,4.3351599412610325e-06,1457503.770896838,1456767.9445884838,-735.8263083542697,5059.888351156165,-19.815347169787117,241091.85991234542,-16300.23134449804,4289759.160034237,-1720.4979250665892,-1.1455080047077442,1179.094297971506,-209.19760792529829,-0.2891135837320249,-11.926986593908635,16.489649202529943,-747.4731940002,11.646885645930297,0.015828308275603005
2026-06-25,733.239990234375,734.2999877929688,1.05999755859375,0.0014456352254531687,0.0027378507871321013,1.077467177492995,1.045357328995732,-0.0014919679630800466,-0.0029799698573324263,-9.566474469130653e-05,1456767.9445884838,1462708.3278104726,5940.383221988799,5114.310049754329,-20.687793729007875,234216.03336418804,-16511.76666314361,4272032.291548839,5421.156166631069,-11.622348979270836,1072.5393289007693,-194.61678951841805,-402.49641898096195,25.260148939775696,7.161624385196375,5917.38171137816,23.001510610639343,0.0038720583758801
2026-06-26,734.2999877929688,728.989990234375,-5.30999755859375,-0.0072313736168696085,0.0027378507871321013,1.045357328995732,1.031929675819939,-0.0036045695353526044,-0.0012461597793582968,-0.00016566443951553447,1462708.3278104726,1434789.3129128676,-27919.01489760494,5128.0731838104375,-21.63338531196335,209070.70403763,-16306.233781140698,4389348.397665173,-27230.0560863235,-304.9882673450554,776.1037140636472,-167.24766495844577,-685.2284310386358,-286.98036684173246,41.73057077945798,-27856.666531664265,-62.34836594067383,-0.002233186456232109
2026-06-29,728.989990234375,741.0,12.010009765625,0.0164748623801593,0.008213552361396304,1.031929675819939,1.0917701122234806,0.009779606522057631,0.005553520339635742,0.000183005079280576,1434789.3129128676,1493769.1559246744,58979.84301180672,5313.822633572204,-21.79508631888641,283889.95972396387,-17996.530272713113,3726259.90923666,63819.06172200132,-1571.8652713135473,-2238.9421107829767,-620.3637507996054,696.1453231541435,-1786.599215096597,236.09056192141435,58533.52725908416,446.31575272255577,0.007567259082619316
2026-06-30,741.0,746.77001953125,5.77001953125,0.007786800986842105,0.0027378507871321013,1.0917701122234806,1.0786454269762407,0.002210072878048684,-0.0012180426957506263,0.000524335617704927,1493769.1559246744,1523723.8855489371,29954.729624262778,4957.988479832358,-21.807741672334878,120066.90703185077,-14166.691515578888,4866763.392368795,28607.690364345202,-363.0239389958611,-152.29267485457058,-91.32027315830638,2051.5243226860393,-146.01970129870128,10.489012212361185,29917.04711093616,37.68251332661748,0.0012579820882808216
2026-07-01,746.77001953125,745.760009765625,-1.010009765625,-0.0013525044380584353,0.0027378507871321013,1.0786454269762407,1.046411728368537,-0.0026161996229406835,-0.002991463826105656,-0.00031566548855727506,1523723.8855489371,1519233.843051657,-4490.042497280054,4815.944297895319,-22.260916243828493,44970.276457858854,-12530.104759497211,5291941.178099932,-4864.150771580306,-11.354399896904,1673.944482728234,-30.960743868304224,-1248.3595524177338,-29.252561153317874,20.604847666626803,-4489.528698521706,-0.5137987583475478,-0.00011443071166003289
2026-07-02,745.760009765625,744.780029296875,-0.97998046875,-0.0013140694806872053,0.0027378507871321013,1.046411728368537,1.0151430986572083,-0.002549734435808811,-0.002901900145302505,-0.0003156654885572716,1519233.843051657,1514808.9752370878,-4424.867814569268,4880.135985841265,-23.171283645810874,46397.59860813408,-12824.836581074882,5226192.396695808,-4782.437950968467,-11.12640689828692,1653.153638315664,-19.63784076097822,-1255.2450509835676,-28.141172464722988,19.3814356344759,-4424.0533481258835,-0.8144664433848448,-0.00018406571168140708
2026-07-06,744.780029296875,751.280029296875,6.5,0.008727409093039805,0.010951403148528405,1.0151430986572083,1.0112812388206673,0.002910883439322919,-0.00035840175038867605,0.0002373413836310066,1514808.9752370878,1546587.3875135798,31778.41227649199,4944.301765348766,-24.101746593718786,48471.0884000489,-13118.713383055148,5147143.983747354,32137.961474766977,-509.1493967923093,-839.854263029807,-34.33866219094481,865.854258184387,-135.7082498867807,-2.0991804271620396,31482.66598062436,295.74629586762967,0.00930651579740525
2026-07-07,751.280029296875,747.7100219726562,-3.57000732421875,-0.0047518996712316835,0.0027378507871321013,1.0112812388206673,0.9887140925723652,-0.0031762804722126024,-0.0020943548080485375,0.0003543336340623487,1546587.3875135798,1532936.2955973065,-13651.091916273348,4805.565006956623,-24.937186405952165,-31958.51853409526,-11108.507664156468,5410927.3282034565,-17155.902271844472,-158.91162555738617,2301.5945492828423,84.26756097307374,1357.3545181253603,-98.93839588584382,26.37948588098168,-13644.156179025444,-6.935737247904399,-0.0005080719762524174
2026-07-08,747.7100219726562,745.4000244140625,-2.30999755859375,-0.0030894297130047385,0.0027378507871321013,0.9887140925723652,0.9621589623822671,-0.0028903842764347234,-0.0024644615663875213,-1.576105519014541e-05,1532936.2955973065,1523484.8869605248,-9451.40863678162,4932.951611641686,-25.962932569667974,-9693.762149116956,-11974.529485667188,5221293.428665773,-11395.106179553399,-69.27025582076791,2068.3209597245113,72.19511198890405,-76.83544275553064,-64.45855196424438,21.918672982269946,-9443.235685398256,-8.172951383363397,-0.0008647336812374287
2026-07-09,745.4000244140625,751.7100219726562,6.30999755859375,0.008465250002579297,0.0027378507871321013,0.9621589623822671,0.9597017866625696,0.002868965417263161,-0.00022803936865326002,-0.00040709202284147736,1523484.8869605248,1551664.9560225306,28180.06906200573,5032.596646259225,-27.01179127993706,5065.536900861538,-12579.742876507484,5049537.841033499,31755.672551282805,-537.7516752666007,-1465.159666842681,70.81732064481677,-1596.7197759430928,-148.45582160080622,9.519119377684586,28087.922051652127,92.14701035360122,0.0032699355757733056
2026-07-10,751.7100219726562,754.9500122070312,3.239990234375,0.004310159688801989,0.0027378507871321013,0.9597017866625696,0.9375477874513015,0.0002042319990474618,-0.0020560124995473716,0.0001329093695230368,1551664.9560225306,1568361.8340863236,16696.87806379306,4853.469761317488,-26.859493458687684,-55992.56759533682,-10770.896494925071,5354267.878646085,15725.194629503021,-140.97925941608045,422.30899224972035,132.64727949940718,526.8784382106467,1.1934892643948136,-0.2624884271746113,16666.981080883936,29.896982909125654,0.0017905732314088601
2026-07-13,754.9500122070312,749.1699829101562,-5.780029296875,-0.007656174850540876,0.008213552361396304,0.9375477874513015,0.9319353827066167,-0.003314344002999174,-0.0005208619083872379,0.0003387276889524095,1568361.8340863236,1545455.8370545441,-22905.997031779494,4773.694482853199,-27.28342217021832,-91469.57780157309,-9784.367305490021,5469530.002273472,-27592.09396522204,-455.752360691341,3493.133373790514,511.77386707094314,1338.5392783641291,-56.063020427746594,-13.253616243560433,-22773.716443359102,-132.28058842039172,-0.0057749325749439015
2026-07-14,749.1699829101562,751.8300170898438,2.6600341796875,0.0035506416973015626,0.0027378507871321013,0.9319353827066167,0.9085033202641566,-0.0002511901932474732,-0.002174623769390094,-0.00027708952421475613,1545455.8370545441,1558604.7227747678,13148.885720223654,4970.523017811065,-28.761961321423495,-42251.51638985064,-11169.549686631728,5073282.25698295,13221.761118300894,-101.75668175883324,942.57646907361,139.1872094303228,-1074.0690667952713,-4.847786077512953,-0.16990999321455233,13122.681352179996,26.204368043658178,0.001992896478167312
2026-07-15,751.8300170898438,754.8099975585938,2.97998046875,0.00396363592968102,0.0027378507871321013,0.9085033202641566,0.8871570598128249,6.64366082131435e-05,-0.0019810499173534835,-0.00011709158415128176,1558604.7227747678,1573553.0081541762,14948.285379408393,4901.711733509622,-29.21774571216745,-67108.49649230274,-10369.88164346682,5166122.973470663,14607.005229301378,-129.73093395263285,737.7989890266205,166.8512327885966,-446.26326942086206,-12.686223559972301,0.8196759945697797,14923.794700177696,24.490679230697424,0.0016383604279079323
2026-07-16,754.8099975585938,750.719970703125,-4.09002685546875,-0.005418617756386107,0.0027378507871321013,0.8871570598128249,0.8723182308833198,-0.0030244958096646434,-0.0013771246205601662,9.290988450717016e-05,1573553.0081541762,1556658.1663750922,-16894.841779083945,4818.507498635377,-29.513276498810246,-93104.25260808971,-9474.057472387807,5262136.8916203445,-19707.82507269624,-246.85376201537417,2578.686351635094,194.16439384153728,369.3824085479155,-52.594480451850785,-0.39299972529622096,-16865.433160864213,-29.40861821973158,-0.0017406862167919127
2026-07-17,750.719970703125,743.2899780273438,-7.42999267578125,-0.009897156017872166,0.0027378507871321013,0.8723182308833198,0.8865896283036331,-0.002896327204907976,0.0013244638677809561,0.00010290915971468678,1556658.1663750922,1521033.6525063482,-35624.51386874402,4962.746514118224,-30.68822848289706,-60716.69425778696,-10534.5094546243,5016687.35736665,-36873.170251657335,-847.0686222675375,1701.9958158970353,171.6403726673826,412.5882671003134,-119.08261052125543,0.8926275023582804,-35552.20440127904,-72.30946746497648,-0.002029767135388726
2026-07-20,743.2899780273438,742.0900268554688,-1.199951171875,-0.0016143782471810173,0.008213552361396304,0.8865896283036331,0.8606658688089585,-0.0025045822616691768,-0.002405866906829257,-1.12731693544749e-05,1521033.6525063482,1518071.576406498,-2962.0760998502374,5221.045741085542,-31.53567616394634,16659.8848028027,-12732.247617628342,4423893.671371672,-6264.999955428574,-22.70383908210959,3037.787740488555,351.94848204446095,-14.29932656457341,-14.190082035061222,-13.034414076405918,-2939.491394653708,-22.584705196529285,-0.007624620176933053
2026-07-21,742.0900268554688,748.280029296875,6.19000244140625,0.008341309298597851,0.0027378507871321013,0.8606658688089585,0.8635116698005724,0.003290923667007218,0.00026410592300676883,0.0002529102087564317,1518071.576406498,1550117.4575107556,32045.881104257656,5300.226609863904,-33.24919483612317,31062.20078671188,-12938.93965049486,4118914.2512727287,32808.41565506394,-636.9902396022517,-1152.018224241524,126.36876952040126,1020.2890915323212,-190.46942223611453,19.766944836527333,31995.362574873296,50.51852938436059,0.001576443762616614
2026-07-22,748.280029296875,747.4099731445312,-0.87005615234375,-0.0011627413779321393,0.0027378507871321013,0.8635116698005724,0.8377835894602709,-0.0021271796362973524,-0.002387706809257012,0.0001529079199380735,1550117.4575107556,1548646.4695548632,-1470.9879558924586,5076.253242925745,-32.666559838729555,-34872.36388240452,-10886.256550847298,4608151.4293462075,-4416.625364862457,-12.36425546685799,2182.864121325453,179.6818543721206,610.1570291935602,-8.314357899321934,-4.060885288293081,-1468.661858625796,-2.3260972666626003,-0.0015813163237297487
2026-07-23,747.4099731445312,738.1799926757812,-9.22998046875,-0.012349287272575827,0.0027378507871321013,0.8377835894602709,0.877613705497094,-0.002132077146007108,0.003696452981206161,0.000552909922654137,1548646.4695548632,1502753.7106447655,-45892.75891009765,5121.454166185831,-33.72746312943356,-29113.9720969724,-11052.160563750202,4491976.294355419,-47270.92192549354,-1436.6641166604766,614.1113484251646,180.15555764341673,2189.102051137159,-107.63548447217886,-1.5946785035031361,-45833.447247923956,-59.31166217369173,-0.0012923969615747282
2026-07-24,738.1799926757812,738.9299926757812,0.75,0.0010160123647911035,0.0027378507871321013,0.877613705497094,0.8513113580680285,-0.0013830150227409884,-0.002441001941269866,5.291039949129831e-05,1502753.7106447655,1508880.5640677721,6126.8534230066,5455.716413837396,-34.27912059320997,75262.49078906211,-13886.818198062487,3584360.3937550485,4091.7873103780476,-9.641002666840304,1701.7856340832996,106.55889455915711,222.65094580606862,7.010311170710187,-3.187350127591671,6116.964743202851,9.888679803748346,0.0016139899424745376
2026-07-27,738.9299926757812,739.0900268554688,0.1600341796875,0.00021657556368498613,0.008213552361396304,0.8513113580680285,0.8253973024567123,-0.0019252366216772683,-0.0024049663332899596,-7.127358897117322e-05,1508880.5640677721,1512535.6686716639,3655.1046038917266,5448.266638715132,-35.27556277035144,64575.14836723311,-13577.746298536656,3579977.0842320547,871.9088822455491,-0.45172013729975524,2661.614445998967,367.57613585699823,-254.9500115165431,1.430807408393812,-11.030186135952963,3636.0983537201123,19.006250171614283,0.005199919627848029
2026-07-28,739.0900268554688,740.8599853515625,1.76995849609375,0.00239478065158613,0.0027378507871321013,0.8253973024567123,0.8028049862230512,-0.0007423924990514074,-0.0020966907205859364,-0.0003670901536398088,1512535.6686716639,1522066.7749944297,9531.106322765816,5479.56268265287,-37.08067419811324,67579.49225248909,-13327.54195013305,3342994.063869575,9698.598525039708,-58.08229811227027,1183.3196023379226,147.54680095197972,-1464.0068877423582,6.8761400868842095,-1.6431997050637746,9512.6086828568,18.49763990901556,0.001940765246195235
2026-07-29,740.8599853515625,729.4600219726562,-11.39996337890625,-0.01538747348258604,0.0027378507871321013,0.8028049862230512,0.8819385026943499,-0.0011151170538474281,0.007344023868854105,-0.0010170907258443907,1522066.7749944297,1451416.5279998747,-70650.246994555,5427.749357986354,-37.77361465457701,51089.73467460554,-12724.737497914142,3431791.322550879,-61876.143910926345,-2454.513710533391,-2120.110342611774,170.7166987132024,-4065.9519163467726,-122.96010446180134,1.0930281832919437,-70467.87025798358,-182.37673657141568,-0.0025814026748621475
2026-07-30,729.4600219726562,741.6900024414062,12.22998046875,0.016765799496011913,0.0027378507871321013,0.8819385026943499,0.963779182662826,0.011559797311480475,0.007595263472838759,0.00017290885453890518,1451416.5279998747,1515139.7083447396,63723.18034486496,5884.152597812708,-37.148777622393496,226669.57434528694,-16631.53233104339,1692745.1745009846,71963.07134639399,-2778.216326601306,-5053.504515746181,75.64804332815513,717.6238803411452,-1592.9803709439566,12.356175639283151,63343.99823241111,379.18211245384737,0.0059504580656794415
2026-07-31,741.6900024414062,747.030029296875,5.34002685546875,0.007199809675054389,0.0027378507871321013,0.963779182662826,0.9539119901886585,0.0020439672356963377,-0.0009157295199328785,7.290894990633155e-05,1515139.7083447396,1543396.0520641287,28256.343719389057,5351.981672327768,-34.268488231394684,60846.294438773766,-12217.907218561546,3436272.3724635206,28579.725860206832,-488.59816590025775,-291.44337208811567,195.73104382815217,296.15749906377033,-95.7455657860477,7.528871774851977,28203.356171099185,52.987548289871484,0.0018752443280024324
2026-08-03,747.030029296875,757.6699829101562,10.63995361328125,0.014243006567347586,0.008213552361396304,0.9539119901886585,0.9992015001556335,0.008175566205869752,0.0042031146477208015,0.0001887290240964552,1543396.0520641287,1593319.548753912,49923.49668978341,5162.360891984769,-34.13224019631851,5344.184902566252,-10504.885015347338,3859797.461130511,54927.28042573516,-1932.0317837741482,-4469.229109145222,754.166996107824,760.724738971118,-529.7526738927265,44.36298948856796,49555.521583490576,367.9751062928335,0.00737077990709208
2026-08-04,757.6699829101562,771.3300170898438,13.6600341796875,0.018029002715958583,0.0027378507871321013,0.9992015001556335,1.0802109314692898,0.012218008089283743,0.007518119043598531,0.00030290896897982537,1593319.548753912,1647842.217774563,54522.66902065091,4794.198562692124,-32.282886869315675,-72132.68563757453,-7362.492160186377,4313060.021402714,65488.916230583105,-3011.93739527823,-9356.540006967081,362.0521754103097,1145.7855838693636,-384.83845734126123,-46.569526903875555,54196.86860337233,325.8004172785804,0.005975503824935291
2026-08-05,771.3300170898438,769.7899780273438,-1.5400390625,-0.0019966020100065907,0.0027378507871321013,1.0802109314692898,1.0486663898534387,-0.0029131950862613426,-0.0029275062816511432,-4.709188932707203e-05,1647842.217774563,1644280.9785134394,-3561.2392611235846,4372.690932742709,-28.359609748753684,-133074.2361607328,-4479.388260877609,4521448.750671269,-6734.114844663332,-33.63053126948273,2924.116579987695,455.17164422597125,-161.5622798053514,5.427239925752081,-9.968158016381029,-3554.5603496151293,-6.678911508455258,-0.0018754458823830994
2026-08-06,769.7899780273438,768.5599975585938,-1.22998046875,-0.0015978130449319902,0.0027378507871321013,1.0486663898534387,1.0176187964798336,-0.002704919626406579,-0.002881386762193655,7.291133409213259e-05,1644280.9785134394,1642336.7323115172,-1944.2462019221857,4417.8173207596055,-29.46478087340727,-126855.86614778975,-4602.502929013212,4482794.203998494,-5433.829019039768,-22.287925651987127,2789.7466325410774,458.59959126977805,273.6419282460707,5.003342087044204,-10.62091123124981,-1939.746361779035,-4.499840143150777,-0.0023144394669265627
2026-08-07,768.5599975585938,773.260009765625,4.70001220703125,0.0061153484724176385,0.0027378507871321013,1.0176187964798336,1.0,0.0010976970617469013,-0.0016351208395409822,-0.00021709148878384758,1642336.7323115172,1662294.0919556352,19957.359644117998,4453.576806710417,-30.520131552448014,-121437.9814636705,-4673.001100428808,4445968.85542694,20931.865356490216,-337.09660403200047,-340.63175519200377,461.5869207301535,-782.8191684111879,-9.378773510561343,1.3947916002118674,19924.920767674826,32.438876443171466,0.0016254092235458675
